MÃ¥lt;GlobalstrÃ¥ling;Relativ fugtighed;Temperatur;Vindretning;Vindhastighed
22-02-2022 10:30;302;66;5;238;3,4
22-02-2022 10:00;318;68;4,4;244;2,8
22-02-2022 09:30;206;68;3,8;244;2,7
22-02-2022 09:00;179;74;3,2;262;2,5
22-02-2022 08:30;117;77;2,8;278;2,3
22-02-2022 08:00;95;78;2,5;277;2
22-02-2022 07:30;28;78;2,5;285;1,6
22-02-2022 07:00;2;77;2,7;288;2,3
22-02-2022 06:30;0;77;2,8;296;2,7
22-02-2022 06:00;0;77;2,9;295;3
22-02-2022 05:30;0;79;2,8;289;2,9
22-02-2022 05:00;0;81;2,7;285;2,2
22-02-2022 04:30;0;82;2,6;291;1,9
22-02-2022 04:00;0;83;2,3;302;2,3
22-02-2022 03:30;0;83;2,2;316;3,1
22-02-2022 03:00;0;78;3,2;337;2,8
22-02-2022 02:30;0;67;4,6;304;6
22-02-2022 02:00;0;66;4,8;296;5,3
22-02-2022 01:30;0;66;4,9;296;5,4
22-02-2022 01:00;0;66;4,8;297;5,2
22-02-2022 00:30;0;67;5;294;5,5
22-02-2022 00:00;0;71;5,1;297;6
21-02-2022 23:30;0;75;5,8;290;4,8
21-02-2022 23:00;0;73;6,1;292;3,9
21-02-2022 22:30;0;73;6,1;294;3,8
21-02-2022 22:00;0;73;5,9;295;4,6
21-02-2022 21:30;0;74;5,9;294;4,5
21-02-2022 21:00;0;73;5,9;292;4,7
21-02-2022 20:30;0;72;5,9;290;4,8
21-02-2022 20:00;0;71;5,8;287;4,5
21-02-2022 19:30;0;71;5,7;284;4,2
21-02-2022 19:00;0;70;5,6;282;4
21-02-2022 18:30;0;68;5,6;282;4,3
21-02-2022 18:00;0;65;5,8;285;4,8
21-02-2022 17:30;1;63;6,2;280;5,7
21-02-2022 17:00;20;62;6,4;284;5,5
21-02-2022 16:30;76;62;6,8;278;4,9
21-02-2022 16:00;122;63;6,7;273;5
21-02-2022 15:30;186;61;6,9;269;5,1
21-02-2022 15:00;287;61;6,8;269;5,1
21-02-2022 14:30;196;62;6,8;258;6,4
21-02-2022 14:00;287;62;6,8;261;5,5
21-02-2022 13:30;136;61;6,6;261;6,6
21-02-2022 13:00;265;62;6,7;264;5,8
21-02-2022 12:30;258;61;6,6;90;6,7
21-02-2022 12:00;270;61;6,3;264;6,8
21-02-2022 11:30;327;62;6,2;264;7,9
21-02-2022 11:00;345;67;5,8;259;6,8
21-02-2022 10:30;314;68;5,3;255;7
21-02-2022 10:00;184;69;4,8;256;7,1
21-02-2022 09:30;102;68;4,5;258;6,9
21-02-2022 09:00;84;75;4,1;260;7
21-02-2022 04:00;0;79;5,6;261;7,1
21-02-2022 03:30;0;82;5,2;249;6,7
21-02-2022 03:00;0;82;4,9;244;6,2
21-02-2022 02:30;0;81;5,3;251;7,1
21-02-2022 02:00;0;81;5,7;248;6,8
21-02-2022 01:30;0;80;6,2;251;7,7
21-02-2022 01:00;0;80;7,1;246;8,6
21-02-2022 00:30;0;83;8,1;224;7,8
21-02-2022 00:00;0;87;8,5;206;8
20-02-2022 23:30;0;87;8,4;194;6,7
20-02-2022 23:00;0;87;8,4;193;5,9
20-02-2022 22:30;0;87;8,3;197;6,3
20-02-2022 22:00;0;87;8,1;202;6
20-02-2022 21:30;0;88;8;202;6,3
20-02-2022 21:00;0;88;7,8;205;6,2
20-02-2022 20:30;0;88;7,7;202;5,6
20-02-2022 20:00;0;87;7,8;208;5,6
20-02-2022 19:30;0;86;8;216;5,2
20-02-2022 19:00;0;85;8,1;228;6,1
20-02-2022 18:30;0;85;8,1;228;6
20-02-2022 18:00;0;86;8;233;6,3
20-02-2022 17:30;0;87;7,7;233;6,3
20-02-2022 17:00;2;87;7,7;232;6,3
20-02-2022 16:30;7;88;7,5;235;5,4
20-02-2022 16:00;12;89;6,5;219;4,5
20-02-2022 15:30;37;89;5,4;199;4,7
20-02-2022 15:00;37;88;4,7;192;4,9
20-02-2022 14:30;47;87;3,8;189;4,5
20-02-2022 14:00;68;86;2,9;172;4,6
20-02-2022 13:30;70;86;2,6;170;5,7
20-02-2022 13:00;92;85;2,7;163;6,8
20-02-2022 12:30;86;83;2,9;167;5,9
20-02-2022 12:00;110;81;3,3;174;4,8
20-02-2022 11:30;146;80;3,6;182;4,6
20-02-2022 11:00;91;78;3,7;184;4,6
20-02-2022 10:30;152;80;3,6;189;4,9
20-02-2022 10:00;130;83;3;190;4,1
20-02-2022 09:30;112;84;2,1;165;2,7
20-02-2022 09:00;84;85;1,7;179;2,8
20-02-2022 08:30;66;85;1,3;190;2,8
20-02-2022 08:00;32;84;0,8;190;2,3
20-02-2022 07:30;12;83;0,6;196;2,3
20-02-2022 07:00;1;82;0,9;202;1,7
20-02-2022 06:30;0;82;0,9;234;2,2
20-02-2022 06:00;0;83;0,9;238;3
20-02-2022 05:30;0;82;0,9;238;2,7
20-02-2022 05:00;0;80;1,3;245;2,6
20-02-2022 04:30;0;81;1,4;248;2,8
20-02-2022 04:00;0;80;1,6;235;2,6
20-02-2022 03:30;0;78;2;245;3,3
20-02-2022 03:00;0;78;2,1;242;3,4
20-02-2022 02:30;0;80;2;240;3
20-02-2022 02:00;0;80;2,2;225;3,5
20-02-2022 01:30;0;80;2,3;230;4,2
20-02-2022 01:00;0;78;2,2;232;3,8
20-02-2022 00:30;0;76;2,4;225;3,7
20-02-2022 00:00;0;77;2,5;228;3,8
19-02-2022 23:30;0;81;2,7;227;3,3
19-02-2022 23:00;0;81;2,8;223;3,9
19-02-2022 22:30;0;80;2,9;228;4
19-02-2022 22:00;0;79;2,8;230;5
19-02-2022 21:30;0;79;2,6;228;4,3
19-02-2022 21:00;0;76;3;241;5,2
19-02-2022 20:30;0;76;3,1;239;6,3
19-02-2022 20:00;0;76;3,1;242;6,5
19-02-2022 19:30;0;78;2,9;243;6,4
19-02-2022 19:00;0;81;2,5;241;6,5
19-02-2022 18:30;0;80;3;248;6
19-02-2022 18:00;0;77;3,8;242;6,5
19-02-2022 17:30;0;72;4,7;237;5,2
19-02-2022 17:00;10;67;5;248;6,4
19-02-2022 16:30;43;65;5,2;235;6,1
19-02-2022 16:00;86;66;5,5;236;5,9
19-02-2022 15:30;185;71;5,1;240;5,4
19-02-2022 15:00;74;67;5,2;247;6,6
19-02-2022 14:30;237;63;6,1;251;7,2
19-02-2022 14:00;267;60;6,4;254;7,8
19-02-2022 13:30;271;62;6,3;255;6,6
19-02-2022 13:00;145;64;6,2;258;6,4
19-02-2022 12:30;329;64;6,2;259;6,7
19-02-2022 12:00;313;64;6,2;265;6,7
19-02-2022 11:30;311;66;6,1;269;6
19-02-2022 11:00;184;68;5,6;275;6
19-02-2022 10:30;138;68;5,4;274;6,1
19-02-2022 10:00;153;69;5,4;273;5,5
19-02-2022 09:30;152;70;5;271;5,6
19-02-2022 09:00;113;72;4,6;275;5
19-02-2022 08:30;102;70;4,3;274;5,1
19-02-2022 08:00;44;72;3,8;279;5,3
19-02-2022 07:30;8;69;3,8;275;5,5
19-02-2022 07:00;0;68;3,8;284;5,8
19-02-2022 06:30;0;70;3,5;282;5,8
19-02-2022 06:00;0;70;3,6;291;7,8
19-02-2022 05:30;0;71;3,7;290;7,8
19-02-2022 05:00;0;73;3,6;288;9,4
19-02-2022 04:30;0;73;4;294;10,6
19-02-2022 04:00;0;79;4;293;9,3
19-02-2022 03:30;0;82;4,1;291;7,8
19-02-2022 03:00;0;84;4;272;5,1
19-02-2022 02:30;0;80;3,9;232;6,6
19-02-2022 02:00;0;74;4,5;230;5,8
19-02-2022 01:30;0;75;4,7;231;7,6
19-02-2022 01:00;0;76;4,6;233;7,2
19-02-2022 00:30;0;74;4,6;235;7,6
19-02-2022 00:00;0;75;4,8;235;7,9
18-02-2022 23:30;0;75;5,1;235;8,6
18-02-2022 23:00;0;80;4,8;238;7,9
18-02-2022 22:30;0;84;3,9;235;7,8
18-02-2022 22:00;0;87;3,2;208;4,1
18-02-2022 21:30;0;86;3,2;243;2,3
18-02-2022 21:00;0;86;3,3;235;2
18-02-2022 20:30;0;85;3,5;252;3
18-02-2022 20:00;0;85;4,4;268;4,4
18-02-2022 19:30;0;81;5,4;226;5,5
18-02-2022 19:00;0;79;5,4;223;7
18-02-2022 18:30;0;82;5,2;230;4,9
18-02-2022 18:00;0;82;5,1;236;3,7
18-02-2022 17:30;0;82;5,3;241;4,5
18-02-2022 17:00;1;86;6;187;5,4
18-02-2022 16:30;5;87;4,9;168;5,1
18-02-2022 16:00;12;87;3,6;143;7,9
18-02-2022 15:30;14;87;2,3;133;6,3
18-02-2022 15:00;18;88;1,5;142;5,2
18-02-2022 14:30;14;87;1;124;4,5
18-02-2022 14:00;10;85;2;140;5,5
18-02-2022 13:30;15;84;3,1;149;5,7
18-02-2022 13:00;21;83;3,6;155;5
18-02-2022 12:30;28;81;4;159;4,5
18-02-2022 12:00;40;78;4,5;166;3,9
18-02-2022 11:30;54;78;4,7;162;3,9
18-02-2022 11:00;61;78;4,8;168;3
18-02-2022 10:30;58;79;4,9;199;3,1
18-02-2022 10:00;73;80;4,9;214;3,2
18-02-2022 09:30;76;79;4,7;224;3,4
18-02-2022 09:00;68;77;4,5;221;3,9
18-02-2022 08:30;46;75;4,4;232;3,9
18-02-2022 08:00;24;74;4,3;238;4,4
18-02-2022 07:30;6;73;4,2;238;4,7
18-02-2022 07:00;1;74;4,1;239;4,3
18-02-2022 06:30;0;71;4;233;4,4
18-02-2022 06:00;0;70;4;236;4,9
18-02-2022 05:30;0;69;3,9;241;4,9
18-02-2022 05:00;0;68;3,9;248;5,6
18-02-2022 04:30;0;66;4,1;258;4,9
18-02-2022 04:00;0;65;4,2;266;5,4
18-02-2022 03:30;0;64;4,2;264;5,3
18-02-2022 03:00;0;66;4,3;272;5,5
18-02-2022 02:30;0;68;4,2;267;6,1
18-02-2022 02:00;0;67;4,1;271;5,9
18-02-2022 01:30;0;67;4,4;275;6,8
18-02-2022 01:00;0;68;4,5;272;6,1
18-02-2022 00:30;0;69;4,5;269;6,2
18-02-2022 00:00;0;73;4,2;268;6
17-02-2022 23:30;0;75;4,2;272;6,9
17-02-2022 23:00;0;75;4,3;90;6,1
17-02-2022 22:30;0;72;4,5;275;6,9
17-02-2022 22:00;0;74;4,7;266;7,3
17-02-2022 21:30;0;74;4,9;272;5,7
17-02-2022 21:00;0;74;5;279;6,4
17-02-2022 20:30;0;75;5,1;280;6,5
17-02-2022 20:00;0;77;5;284;6,9
17-02-2022 19:30;0;78;5;285;7,7
17-02-2022 19:00;0;78;4,9;270;7,2
17-02-2022 18:30;0;78;5;263;6,4
17-02-2022 18:00;0;76;5,3;256;7
17-02-2022 17:30;0;75;5,3;256;5,7
17-02-2022 17:00;7;73;5,6;264;6,1
17-02-2022 16:30;18;70;6,1;267;5,9
17-02-2022 16:00;49;71;5,9;273;5,9
17-02-2022 15:30;84;67;6,3;272;6,6
17-02-2022 15:00;113;68;6,5;269;6,4
17-02-2022 14:30;114;75;5,2;287;6,3
17-02-2022 14:00;348;61;7,4;277;6,4
17-02-2022 13:30;268;66;6,9;273;6,2
17-02-2022 13:00;134;71;6,3;272;6,4
17-02-2022 12:30;142;74;6,1;275;4,6
17-02-2022 12:00;111;68;6,1;270;5,2
17-02-2022 11:30;147;66;5,9;280;5,2
17-02-2022 11:00;100;67;5,6;287;5,4
17-02-2022 10:30;189;70;5,2;289;5,3
17-02-2022 10:00;205;72;5;295;6,2
17-02-2022 05:00;0;78;6,6;270;7,1
17-02-2022 04:30;0;77;6,7;266;7,9
17-02-2022 04:00;0;74;6,8;263;8,6
17-02-2022 03:30;0;71;7;263;9,8
17-02-2022 03:00;0;68;7,3;257;9,7
17-02-2022 02:30;0;65;7,8;264;9,7
17-02-2022 02:00;0;65;8;262;10,5
17-02-2022 01:30;0;65;8,1;263;10,7
17-02-2022 01:00;0;66;8,1;259;11,5
17-02-2022 00:30;0;66;8,3;258;12,1
17-02-2022 00:00;0;65;8,6;258;12,3
16-02-2022 23:30;0;66;9,1;256;11,9
16-02-2022 23:00;0;70;9,4;247;10,9
16-02-2022 22:30;0;83;9;240;9,1
16-02-2022 22:00;0;86;9;230;7,4
16-02-2022 21:30;0;87;8,6;213;7,6
16-02-2022 21:00;0;87;8,3;204;6,2
16-02-2022 20:30;0;87;8,1;223;6,4
16-02-2022 20:00;0;86;8,1;228;6,4
16-02-2022 19:30;0;85;8,1;228;7,1
16-02-2022 19:00;0;83;8,2;232;7,8
16-02-2022 18:30;0;77;8,7;235;7,8
16-02-2022 18:00;0;75;9;240;7,1
16-02-2022 17:30;0;75;9,1;245;7,8
16-02-2022 17:00;2;74;9,2;251;7,6
16-02-2022 16:30;5;75;9,2;251;7,9
16-02-2022 16:00;15;76;9,3;249;7,5
16-02-2022 15:30;42;77;9,4;251;7,5
16-02-2022 15:00;51;78;9,3;253;7,8
16-02-2022 14:30;36;79;9,4;254;8
16-02-2022 14:00;50;83;9;254;8,7
16-02-2022 13:30;55;87;8,1;239;7,4
16-02-2022 13:00;54;89;7,1;199;5,9
16-02-2022 12:30;49;89;6,2;177;3,6
16-02-2022 12:00;46;88;5,4;134;4,6
16-02-2022 11:30;45;87;4,8;126;4,1
16-02-2022 11:00;21;85;4,6;127;3,8
16-02-2022 10:30;32;85;4,7;138;4
16-02-2022 10:00;37;85;4,8;153;4,4
16-02-2022 09:30;25;85;4,8;159;4
16-02-2022 09:00;18;84;4,8;165;3,7
16-02-2022 08:30;13;84;5,1;179;2,8
16-02-2022 08:00;7;83;5,1;183;2,9
16-02-2022 07:30;2;83;5;192;3,2
16-02-2022 07:00;0;83;4,9;195;3,7
16-02-2022 06:30;0;83;4,9;193;3,4
16-02-2022 06:00;0;83;4,9;196;3,7
16-02-2022 05:30;0;83;4,9;211;4,3
16-02-2022 05:00;0;83;5;211;3,6
16-02-2022 04:30;0;83;5;220;3,5
16-02-2022 04:00;0;83;4,9;211;3,5
16-02-2022 03:30;0;83;4,9;225;3,7
16-02-2022 03:00;0;83;4,9;225;3,6
16-02-2022 02:30;0;83;4,9;225;3,9
16-02-2022 02:00;0;83;4,8;223;4
16-02-2022 01:30;0;83;4,8;227;4,7
16-02-2022 01:00;0;81;4,9;227;5
16-02-2022 00:30;0;81;4,8;227;4,8
16-02-2022 00:00;0;81;4,8;228;4,8
15-02-2022 23:30;0;83;4,8;226;6
15-02-2022 23:00;0;84;4,5;207;6,1
15-02-2022 22:30;0;83;4,3;200;6,8
15-02-2022 22:00;0;82;4,4;196;7,7
15-02-2022 21:30;0;81;4,5;194;7,7
15-02-2022 21:00;0;80;4,7;193;7,3
15-02-2022 20:30;0;78;5;189;7
15-02-2022 20:00;0;74;5,6;192;7,6
15-02-2022 19:30;0;68;6,2;187;6,2
15-02-2022 19:00;0;68;6,2;175;4,2
15-02-2022 18:30;0;70;6;173;4
15-02-2022 18:00;0;69;6,2;187;4,7
15-02-2022 17:30;0;70;6,4;196;4,8
15-02-2022 17:00;4;70;6,4;198;4,9
15-02-2022 16:30;17;70;6,4;201;4,7
15-02-2022 16:00;39;71;6,2;200;4,2
15-02-2022 15:30;78;70;6,3;215;4,2
15-02-2022 15:00;106;70;6,2;221;5,7
15-02-2022 14:30;110;68;6,3;225;5,7
15-02-2022 14:00;139;60;6,8;230;5,8
15-02-2022 13:30;151;57;6,8;227;5,5
15-02-2022 13:00;255;54;6,9;230;6,2
15-02-2022 12:30;243;57;6,7;232;6,5
15-02-2022 12:00;259;57;6,7;232;6
15-02-2022 11:30;369;54;6,7;240;5,7
15-02-2022 11:00;338;56;6,4;238;5,4
15-02-2022 10:30;278;58;6;243;5
15-02-2022 10:00;162;60;5,6;249;5,2
15-02-2022 09:30;109;64;5,5;251;5,2
15-02-2022 09:00;89;72;5;246;5,2
15-02-2022 08:30;56;75;4,7;248;4,7
15-02-2022 08:00;16;77;4,8;251;5,3
15-02-2022 07:30;3;78;4,9;253;5,1
15-02-2022 07:00;0;79;5,1;252;5
15-02-2022 06:30;0;80;5,3;255;6
15-02-2022 06:00;0;82;5,6;251;5,7
15-02-2022 05:30;0;83;5,8;247;5,5
15-02-2022 05:00;0;82;5,8;239;5,5
15-02-2022 04:30;0;83;5,6;237;6,1
15-02-2022 04:00;0;86;5,6;227;6,9
15-02-2022 03:30;0;85;5,6;210;6,2
15-02-2022 03:00;0;83;5,7;201;6,8
15-02-2022 02:30;0;81;5,9;195;6,8
15-02-2022 02:00;0;73;6,4;185;5,6
15-02-2022 01:30;0;71;6,5;183;4,8
15-02-2022 01:00;0;69;6,5;189;5,7
15-02-2022 00:30;0;70;6,3;192;5,6
15-02-2022 00:00;0;69;6,2;176;3,7
14-02-2022 23:30;0;68;6,4;185;4
14-02-2022 23:00;0;67;6,6;192;5,3
14-02-2022 22:30;0;65;7;193;5,3
14-02-2022 22:00;0;62;7,4;201;5,1
14-02-2022 21:30;0;63;7,6;208;5,4
14-02-2022 21:00;0;66;7,6;203;4,7
14-02-2022 20:30;0;68;7,7;213;4,8
14-02-2022 20:00;0;66;7,9;224;5,6
14-02-2022 19:30;0;67;7,9;216;5,1
14-02-2022 19:00;0;65;7,9;222;5,6
14-02-2022 18:30;0;65;8,2;222;6,4
14-02-2022 18:00;0;68;8,5;224;6,6
14-02-2022 17:30;0;68;8,5;208;4,9
14-02-2022 17:00;4;71;8,2;195;4,9
14-02-2022 16:30;16;71;8,3;202;4,7
14-02-2022 16:00;77;67;8,9;216;5,5
14-02-2022 15:30;154;68;8,9;223;6,7
14-02-2022 15:00;158;71;8,7;225;6,8
14-02-2022 14:30;81;71;8,8;222;6,9
14-02-2022 14:00;21;62;10,2;210;6,8
14-02-2022 13:30;88;59;10,6;196;6,7
14-02-2022 13:00;338;59;10,3;194;6,3
14-02-2022 12:30;218;60;9,5;191;6
14-02-2022 12:00;111;60;9;186;4,5
14-02-2022 11:30;52;61;8,6;180;3,8
14-02-2022 11:00;55;61;8,5;179;4
14-02-2022 10:30;76;59;8,7;182;4,1
14-02-2022 10:00;106;60;8,5;187;4,6
14-02-2022 09:30;68;61;8;181;4,5
14-02-2022 09:00;61;63;7,5;175;4,4
14-02-2022 08:30;30;63;7,4;164;4,1
14-02-2022 08:00;10;62;7,5;175;3,8
14-02-2022 07:30;2;62;7,3;176;3,6
14-02-2022 07:00;0;62;7,4;177;3,5
14-02-2022 06:30;0;61;7,4;188;4,2
14-02-2022 06:00;0;62;7,2;185;4,1
14-02-2022 05:30;0;63;7;183;3,7
14-02-2022 05:00;0;64;6,9;174;3,6
14-02-2022 04:30;0;63;6,9;178;3,3
14-02-2022 04:00;0;62;7;181;4,2
14-02-2022 03:30;0;62;6,8;174;4,2
14-02-2022 03:00;0;65;6,2;165;4,2
14-02-2022 02:30;0;67;5,7;156;4,6
14-02-2022 02:00;0;67;5,4;157;4,8
14-02-2022 01:30;0;67;5,2;156;4,7
14-02-2022 01:00;0;66;5,3;157;4,8
14-02-2022 00:30;0;64;5,4;158;4,5
14-02-2022 00:00;0;62;5,4;163;4,4
13-02-2022 23:30;0;60;5,4;169;4,1
13-02-2022 23:00;0;58;5,2;177;3,6
13-02-2022 22:30;0;58;4,9;185;4,5
13-02-2022 22:00;0;58;4,6;177;3,6
13-02-2022 21:30;0;58;4,6;182;3,9
13-02-2022 21:00;0;59;4,6;182;4,1
13-02-2022 20:30;0;58;4,7;189;4,7
13-02-2022 20:00;0;57;4,8;187;4,9
13-02-2022 19:30;0;58;4,8;189;5,5
13-02-2022 19:00;0;59;4,7;174;3,8
13-02-2022 18:30;0;62;4,6;170;3,8
13-02-2022 18:00;0;63;4,5;176;3,5
13-02-2022 17:30;0;61;4,6;176;3,6
13-02-2022 17:00;2;62;4,6;188;3,8
13-02-2022 16:30;14;62;4,6;188;3,8
13-02-2022 16:00;27;63;4,5;193;4,3
13-02-2022 15:30;42;63;4,2;188;4,4
13-02-2022 15:00;60;62;4,1;191;4,5
13-02-2022 14:30;71;62;3,9;204;5,2
13-02-2022 14:00;123;63;3,8;204;4,7
13-02-2022 13:30;132;64;3,6;198;5
13-02-2022 13:00;106;64;3,5;203;5,2
13-02-2022 12:30;116;63;3,5;203;4,9
13-02-2022 12:00;138;63;3,4;199;5,1
13-02-2022 11:30;143;63;3,3;199;5
13-02-2022 11:00;131;64;3;199;4,6
13-02-2022 10:30;141;65;2,9;195;4,4
13-02-2022 10:00;142;65;2,7;199;4,5
13-02-2022 09:30;155;66;2,6;200;5,2
13-02-2022 09:00;60;66;2,4;192;4,5
13-02-2022 08:30;33;66;2,3;192;4,4
13-02-2022 08:00;14;66;2,2;194;4,5
13-02-2022 07:30;2;66;2,2;196;5,1
13-02-2022 07:00;0;64;2,4;195;4,8
13-02-2022 06:30;0;64;2,5;201;5,4
13-02-2022 06:00;0;63;2,6;204;5,2
13-02-2022 05:30;0;63;2,5;206;4,6
13-02-2022 05:00;0;63;2,3;200;4,5
13-02-2022 04:30;0;63;2,3;201;4,1
13-02-2022 04:00;0;62;2,5;200;5,1
13-02-2022 03:30;0;61;2,7;200;5,8
13-02-2022 03:00;0;60;2,8;202;5,3
13-02-2022 02:30;0;60;3;203;5,2
13-02-2022 02:00;0;61;2,9;203;5,2
13-02-2022 01:30;0;61;2,8;196;5,1
13-02-2022 01:00;0;61;2,8;195;6,2
13-02-2022 00:30;0;61;2,9;194;6,9
13-02-2022 00:00;0;60;2,9;196;6,9
02-12-2022 23:30;0;60;2,8;192;5,9
02-12-2022 23:00;0;60;2,8;192;5,9
02-12-2022 22:30;0;60;2,8;191;5,3
02-12-2022 22:00;0;60;2,9;185;5,4
02-12-2022 21:30;0;59;2,9;191;6,1
02-12-2022 21:00;0;58;3;195;6,9
02-12-2022 20:30;0;58;3,2;188;6,4
02-12-2022 20:00;0;58;3,3;191;7,2
02-12-2022 19:30;0;58;3,4;190;6,9
02-12-2022 19:00;0;59;3,4;193;5,7
02-12-2022 18:30;0;58;3,4;191;4,7
02-12-2022 18:00;0;58;3,5;192;4,7
02-12-2022 17:30;0;59;3,6;194;5,1
02-12-2022 17:00;2;59;3,8;198;4,9
02-12-2022 16:30;20;59;4;207;5,7
02-12-2022 16:00;49;60;4,1;202;5,4
02-12-2022 15:30;80;60;4,2;200;5,6
02-12-2022 15:00;124;60;4,4;205;5,7
02-12-2022 14:30;133;61;4,2;201;5,5
02-12-2022 14:00;123;62;4;206;5,4
02-12-2022 13:30;149;63;3,8;202;5,7
02-12-2022 13:00;164;63;3,7;209;5,9
02-12-2022 12:30;219;61;3,7;208;6,1
02-12-2022 12:00;300;61;3,7;206;6
02-12-2022 11:30;180;62;3,4;207;6,1
02-12-2022 11:00;298;63;3,3;212;5,8
02-12-2022 10:30;226;64;3;207;5,3
02-12-2022 10:00;177;62;2,8;205;5,6
02-12-2022 09:30;188;61;2,7;201;5
02-12-2022 09:00;137;62;2,2;201;4,7
02-12-2022 08:30;72;64;2;205;3,8
02-12-2022 08:00;41;67;1,4;196;3,7
02-12-2022 07:30;11;72;0,6;197;3,3
02-12-2022 07:00;0;73;0,4;199;2,6
02-12-2022 06:30;0;74;0,3;197;2,8
02-12-2022 06:00;0;75;0,4;201;3,1
02-12-2022 05:30;0;77;0,1;205;3,2
02-12-2022 05:00;0;76;0,2;197;3,2
02-12-2022 04:30;0;76;0,3;200;3,1
02-12-2022 04:00;0;77;0,2;210;3,5
02-12-2022 03:30;0;81;-0,2;204;3,2
02-12-2022 03:00;0;81;-0,2;202;3,1
02-12-2022 02:30;0;80;-0,2;206;2,7
02-12-2022 02:00;0;79;0;206;2,6
02-12-2022 01:30;0;77;0,1;215;2,7
02-12-2022 01:00;0;75;0,2;222;2,8
02-12-2022 00:30;0;74;-0,2;206;2,5
02-12-2022 00:00;0;73;0,1;226;2,6
02-11-2022 23:30;0;73;-0,1;226;2,7
02-11-2022 23:00;0;70;0,1;217;2,1
02-11-2022 22:30;0;67;0,6;233;2,4
02-11-2022 22:00;0;64;0,5;235;2,6
02-11-2022 21:30;0;62;0,6;232;2,2
02-11-2022 21:00;0;60;1,2;260;2,4
02-11-2022 20:30;0;58;1,6;275;2
02-11-2022 20:00;0;57;1,8;283;2,3
02-11-2022 19:30;0;57;1,9;291;2,5
02-11-2022 19:00;0;56;2,1;294;2,5
02-11-2022 18:30;0;55;2,4;294;3
02-11-2022 18:00;0;55;2,5;296;2,9
02-11-2022 17:30;0;54;2,8;296;3,4
02-11-2022 17:00;4;52;3,2;297;3,6
02-11-2022 16:30;33;52;3,6;300;4,6
02-11-2022 16:00;87;50;3,9;300;4,9
02-11-2022 15:30;160;51;4,1;302;5,7
02-11-2022 15:00;221;52;4;303;5,3
02-11-2022 14:30;256;53;3,9;315;5,5
02-11-2022 14:00;247;55;3,7;314;5,5
02-11-2022 13:30;326;57;3,6;316;5,6
02-11-2022 13:00;354;60;3,5;319;4,4
02-11-2022 12:30;357;64;3,2;316;5
02-11-2022 12:00;313;76;2,5;316;4,7
02-11-2022 11:30;178;88;1,3;304;3,4
02-11-2022 11:00;111;88;0,8;287;2,1
02-11-2022 10:30;20;86;0,8;305;3
02-11-2022 10:00;33;86;1,8;311;3,7
02-11-2022 09:30;22;85;2,3;305;4,7
02-11-2022 09:00;87;86;3;271;2,9
02-11-2022 08:30;45;87;2,4;239;2,4
02-11-2022 08:00;13;87;2,1;229;2,6
02-11-2022 07:30;1;87;1,7;216;2,1
02-11-2022 07:00;0;87;1,7;211;1,9
02-11-2022 06:30;0;87;1,5;201;1,4
02-11-2022 06:00;0;87;1,4;213;1,6
02-11-2022 05:30;0;87;1,3;199;1,4
02-11-2022 05:00;0;86;1,4;172;1,7
02-11-2022 04:30;0;86;1,6;197;2,1
02-11-2022 04:00;0;85;1,8;201;2,7
02-11-2022 03:30;0;85;1,9;203;2,8
02-11-2022 03:00;0;84;2;210;2,4
02-11-2022 02:30;0;84;1,7;220;2,9
02-11-2022 02:00;0;84;1,8;223;2,3
02-11-2022 01:30;0;83;2;216;2,7
02-11-2022 01:00;0;82;2,1;225;3,1
02-11-2022 00:30;0;81;2,1;227;3,2
02-11-2022 00:00;0;81;2,1;226;3,4
02-10-2022 23:30;0;81;2,3;225;3,1
02-10-2022 23:00;0;80;2,5;224;2,6
02-10-2022 22:30;0;79;2,3;237;3,2
02-10-2022 22:00;0;78;2,4;230;2,8
02-10-2022 21:30;0;77;2,5;227;3,6
02-10-2022 21:00;0;78;2,6;232;3,2
02-10-2022 20:30;0;78;2,9;229;3,5
02-10-2022 20:00;0;76;3,2;241;3,1
02-10-2022 19:30;0;74;3,4;243;4
02-10-2022 19:00;0;71;3,5;242;3,1
02-10-2022 18:30;0;66;4;253;3,5
02-10-2022 18:00;0;65;4,1;258;4,6
02-10-2022 17:30;0;66;4,7;249;4,9
02-10-2022 17:00;2;62;5,2;255;4,3
02-10-2022 16:30;22;59;5,5;258;5,2
02-10-2022 16:00;49;61;5,7;257;4,7
02-10-2022 15:30;97;61;5,8;255;3,9
02-10-2022 15:00;121;63;5,5;265;4,3
02-10-2022 14:30;119;63;5,8;276;5,4
02-10-2022 14:00;218;61;6,6;261;5
02-10-2022 13:30;203;63;6,2;269;4,8
02-10-2022 13:00;324;67;5,9;267;4,6
02-10-2022 12:30;310;73;5;271;3,7
02-10-2022 12:00;99;75;4,4;265;4,6
02-10-2022 11:30;178;72;5,8;252;4,2
02-10-2022 11:00;152;73;5,6;246;3,5
02-10-2022 10:30;113;74;5,4;247;3,6
02-10-2022 10:00;87;76;5,2;245;3,1
02-10-2022 09:30;82;79;5;232;2,9
02-10-2022 09:00;66;81;4,7;231;2,9
02-10-2022 08:30;36;83;4,5;226;2,7
02-10-2022 08:00;14;84;4,4;217;2,4
02-10-2022 07:30;0;84;4,5;221;2,7
02-10-2022 07:00;0;83;4,6;226;3,1
02-10-2022 06:30;0;82;4,5;220;3,2
02-10-2022 06:00;0;83;4,1;220;2,7
02-10-2022 05:30;0;84;3,8;210;2,9
02-10-2022 05:00;0;85;3,6;201;3,3
02-10-2022 04:30;0;85;3,7;203;3,1
02-10-2022 04:00;0;84;3,7;201;3,3
02-10-2022 03:30;0;83;3,8;200;2,9
02-10-2022 03:00;0;82;4;222;2,8
02-10-2022 02:30;0;81;3,9;225;2,8
02-10-2022 02:00;0;80;4;229;3,2
02-10-2022 01:30;0;80;3,9;228;3,3
02-10-2022 01:00;0;81;3,9;223;2,9
02-10-2022 00:30;0;81;4;234;3,3
02-10-2022 00:00;0;81;4,1;240;3,4
02-09-2022 23:30;0;79;4,2;240;3
02-09-2022 23:00;0;79;4,4;242;3
02-09-2022 22:30;0;81;4,6;243;3,4
02-09-2022 22:00;0;80;4,8;244;3,8
02-09-2022 21:30;0;77;4,9;248;3,8
02-09-2022 21:00;0;78;5,1;254;3,9
02-09-2022 20:30;0;78;5,3;253;3,9
02-09-2022 20:00;0;77;5,5;254;4,1
02-09-2022 19:30;0;76;5,8;262;4,4
02-09-2022 19:00;0;75;6;261;4,5
02-09-2022 18:30;0;73;6,4;265;4,5
02-09-2022 18:00;0;72;6,8;261;4,7
02-09-2022 17:30;0;71;7,2;266;4,5
02-09-2022 17:00;2;71;7,4;264;4,7
02-09-2022 16:30;15;70;7,8;256;4,4
02-09-2022 16:00;74;69;8,1;256;4,9
02-09-2022 15:30;127;68;8,2;263;5,5
02-09-2022 15:00;118;70;8,4;270;4,9
02-09-2022 14:30;207;72;8,5;268;5,4
02-09-2022 14:00;177;72;8,4;266;6
02-09-2022 13:30;224;73;8,4;265;6,3
02-09-2022 13:00;188;75;8,4;263;6,1
02-09-2022 12:30;283;77;8,1;264;6
02-09-2022 12:00;172;84;7,7;261;6,8
02-09-2022 11:30;83;86;7,6;254;6,8
02-09-2022 11:00;56;86;7,6;249;6,2
02-09-2022 10:30;67;87;7,4;241;6
02-09-2022 10:00;58;87;7,3;239;5,8
02-09-2022 09:30;27;87;7,2;234;5,3
02-09-2022 09:00;15;88;7,2;235;5,2
02-09-2022 08:30;15;87;7,3;233;5,1
02-09-2022 08:00;9;88;7,2;224;5
02-09-2022 07:30;1;88;7,2;226;4,8
02-09-2022 07:00;0;88;7;226;4,7
02-09-2022 06:30;0;87;6,9;218;4,4
02-09-2022 06:00;0;87;6,9;214;3,9
02-09-2022 05:30;0;86;7;217;4,9
02-09-2022 05:00;0;86;6,8;226;3,6
02-09-2022 04:30;0;87;6,8;220;4
02-09-2022 04:00;0;88;6,8;216;4,7
02-09-2022 03:30;0;88;6,7;221;4,3
02-09-2022 03:00;0;88;6,7;210;3,2
02-09-2022 02:30;0;87;6,7;213;3,1
02-09-2022 02:00;0;86;6,5;216;3
02-09-2022 01:30;0;84;6,3;209;3
02-09-2022 01:00;0;83;6,3;211;2,6
02-09-2022 00:30;0;82;6,4;216;2,7
02-09-2022 00:00;0;81;6,4;234;3,1
02-08-2022 23:30;0;81;6,3;248;3,9
02-08-2022 23:00;0;82;6,1;251;3,6
02-08-2022 22:30;0;82;5,8;243;4,2
02-08-2022 22:00;0;82;5,9;246;3,8
02-08-2022 21:30;0;82;6;242;3,9
02-08-2022 21:00;0;81;6,2;252;3,7
02-08-2022 20:30;0;82;6,1;255;4,2
02-08-2022 20:00;0;81;6,1;249;4,1
02-08-2022 19:30;0;81;6,3;250;4,3
02-08-2022 19:00;0;80;6,5;251;3,7
02-08-2022 18:30;0;79;7;258;3,4
02-08-2022 18:00;0;77;7,2;246;4,1
02-08-2022 17:30;0;77;7,4;249;4,9
02-08-2022 17:00;1;74;8;243;4,8
02-08-2022 16:30;14;62;8,9;243;3,9
02-08-2022 16:00;69;55;9,5;271;3,2
02-08-2022 15:30;121;54;9,8;275;3,8
02-08-2022 15:00;177;55;9,7;281;4,4
02-08-2022 14:30;227;56;9,7;278;4,2
02-08-2022 14:00;269;58;9,5;282;4,4
02-08-2022 13:30;277;63;9,3;286;4,6
02-08-2022 13:00;274;70;9;279;4,3
02-08-2022 12:30;334;72;8,8;278;5,1
02-08-2022 12:00;248;77;8,4;273;4,5
02-08-2022 11:30;92;85;8;277;5,3
02-08-2022 11:00;61;85;8,2;280;4
02-08-2022 10:30;99;85;8,1;269;5,1
02-08-2022 10:00;35;86;8;267;4,8
02-08-2022 09:30;27;86;7,9;261;5,6
02-08-2022 09:00;13;87;7,8;258;6
02-08-2022 08:30;7;87;7,6;255;5,6
02-08-2022 08:00;2;88;7,5;251;5,7
02-08-2022 07:30;0;87;7,4;248;5,5
02-08-2022 07:00;0;87;7,2;239;5,8
02-08-2022 06:30;0;87;7,1;236;6,2
02-08-2022 06:00;0;85;7,2;243;6,3
02-08-2022 05:30;0;84;7,1;243;6,5
02-08-2022 05:00;0;84;6,8;243;6,6
02-08-2022 04:30;0;86;6,1;240;6,1
02-08-2022 04:00;0;86;5,6;230;6
02-08-2022 03:30;0;86;5,2;231;6
02-08-2022 03:00;0;84;5;224;6,3
02-08-2022 02:30;0;80;5,1;230;5,4
02-08-2022 02:00;0;78;4,8;226;5,3
02-08-2022 01:30;0;78;4,7;219;5,2
02-08-2022 01:00;0;79;4,6;217;4,3
02-08-2022 00:30;0;78;4,8;220;5
02-08-2022 00:00;0;77;5;235;5,6
02-07-2022 23:30;0;77;4,9;244;5,1
02-07-2022 23:00;0;77;4,7;237;4,6
02-07-2022 22:30;0;75;4,2;240;3,7
02-07-2022 22:00;0;71;3,9;239;3,3
02-07-2022 21:30;0;68;3,9;240;3,3
02-07-2022 21:00;0;66;4,1;242;3,2
02-07-2022 20:30;0;64;4,4;247;3,2
02-07-2022 20:00;0;63;4,8;272;3,4
02-07-2022 19:30;0;63;5,1;277;3,8
02-07-2022 19:00;0;61;5,5;291;4,6
02-07-2022 18:30;0;60;5,7;294;6,4
02-07-2022 18:00;0;60;5,7;292;5,5
02-07-2022 17:30;0;60;5,9;288;6,1
02-07-2022 17:00;1;58;6;298;7,1
02-07-2022 16:30;7;57;6,1;298;7,7
02-07-2022 16:00;28;56;6,3;294;6,9
02-07-2022 15:30;70;54;6,4;296;6,4
02-07-2022 15:00;170;52;6,5;298;6,9
02-07-2022 14:30;207;51;6,5;296;7,8
02-07-2022 14:00;254;51;6,5;294;8,6
02-07-2022 13:30;274;51;6,5;294;8,5
02-07-2022 13:00;307;52;6,3;294;7,7
02-07-2022 12:30;318;55;5,9;295;7,8
02-07-2022 12:00;317;56;5,4;294;7,5
02-07-2022 11:30;305;57;5,1;293;6,9
02-07-2022 11:00;281;57;4,8;293;7
02-07-2022 10:30;243;56;4,5;294;6,2
02-07-2022 10:00;202;60;4,2;291;5,8
02-07-2022 09:30;155;63;3,8;291;6,1
02-07-2022 09:00;103;65;3,5;296;6,1
02-07-2022 08:30;51;67;3,5;287;4,3
02-07-2022 08:00;14;67;3,6;293;5,4
02-07-2022 07:30;0;67;3,6;293;5,9
02-07-2022 07:00;0;68;3,6;295;6,4
02-07-2022 06:30;0;70;3,5;295;6,3
02-07-2022 06:00;0;71;3,4;295;6,2
02-07-2022 05:30;0;73;3,1;294;7
02-07-2022 05:00;0;76;2,6;287;5,4
02-07-2022 04:30;0;76;2,1;276;3,8
02-07-2022 04:00;0;77;2;273;3,7
02-07-2022 03:30;0;78;1,9;278;3,5
02-07-2022 03:00;0;79;1,9;282;3,4
02-07-2022 02:30;0;80;1,8;277;3,5
02-07-2022 02:00;0;80;1,7;284;3,3
02-07-2022 01:30;0;82;1,5;281;3,9
02-07-2022 01:00;0;82;1,5;277;3,8
02-07-2022 00:30;0;81;1,4;278;3,4
02-07-2022 00:00;0;82;1,4;275;3,4
02-06-2022 23:30;0;82;1,3;273;3,2
02-06-2022 23:00;0;83;1,2;272;3,4
02-06-2022 22:30;0;84;1,4;273;3
02-06-2022 22:00;0;84;1,5;268;3,2
02-06-2022 21:30;0;84;1,6;264;3
02-06-2022 21:00;0;84;1,8;274;2,5
02-06-2022 20:30;0;83;2,1;287;2,8
02-06-2022 20:00;0;82;2,5;286;3
02-06-2022 19:30;0;78;3;295;4,9
02-06-2022 19:00;0;78;3,7;262;2,8
02-06-2022 18:30;0;76;3,8;245;2,7
02-06-2022 18:00;0;78;3,8;253;3,8
02-06-2022 17:30;0;78;4,2;253;3,2
02-06-2022 17:00;0;77;4,1;247;3,4
02-06-2022 16:30;20;77;4,2;247;4
02-06-2022 16:00;56;76;4,2;253;4,2
02-06-2022 15:30;68;76;4,2;255;4,3
02-06-2022 15:00;75;77;4,1;260;4,5
02-06-2022 14:30;77;82;3,4;244;4,7
02-06-2022 14:00;32;84;2,7;281;3,8
02-06-2022 13:30;27;80;3,3;301;4,8
02-06-2022 13:00;77;76;6,5;246;3,9
02-06-2022 12:30;112;76;6,5;241;4,1
02-06-2022 12:00;88;75;6,5;239;5,1
02-06-2022 11:30;136;76;6,4;242;4,9
02-06-2022 11:00;141;78;6,2;238;4,9
02-06-2022 10:30;106;79;5,9;232;5,1
02-06-2022 10:00;114;79;5,7;239;5,4
02-06-2022 09:30;79;81;5,2;238;4,8
02-06-2022 09:00;51;83;4,7;237;4,5
02-06-2022 08:30;27;83;4,4;230;4,2
02-06-2022 08:00;7;82;4,4;231;4,2
02-06-2022 07:30;0;83;4,3;226;3,8
02-06-2022 07:00;0;83;4,3;218;3
02-06-2022 06:30;0;81;4,4;226;3,2
02-06-2022 06:00;0;79;4,8;242;3,8
02-06-2022 05:30;0;80;5,2;262;5,3
02-06-2022 05:00;0;79;5,7;255;5,7
02-06-2022 04:30;0;78;5,8;246;4,9
02-06-2022 04:00;0;81;5,8;238;5,1
02-06-2022 03:30;0;83;6,2;247;5,5
02-06-2022 03:00;0;81;6,2;254;5,2
02-06-2022 02:30;0;84;6,5;250;5,2
02-06-2022 02:00;0;84;6,7;247;6,4
02-06-2022 01:30;0;85;6,6;243;6,3
02-06-2022 01:00;0;86;6,4;234;5,5
02-06-2022 00:30;0;85;6,3;235;5,2
02-06-2022 00:00;0;86;6,3;232;5,8
02-05-2022 23:30;0;86;6;232;6,4
02-05-2022 23:00;0;85;5,6;224;6,4
02-05-2022 22:30;0;84;5,2;221;6
02-05-2022 22:00;0;83;5,1;223;6,8
02-05-2022 21:30;0;82;5,2;227;8,3
02-05-2022 21:00;0;83;5,1;224;7,2
02-05-2022 20:30;0;83;5;222;7,2
02-05-2022 20:00;0;82;4,9;221;6,7
02-05-2022 19:30;0;81;4,9;219;7
02-05-2022 19:00;0;79;5;224;7,2
02-05-2022 18:30;0;76;5,2;221;5,8
02-05-2022 18:00;0;76;5,2;220;5,9
02-05-2022 17:30;0;75;4,9;225;5,1
02-05-2022 17:00;0;75;4,8;232;6,7
02-05-2022 16:30;6;74;5;231;6,3
02-05-2022 16:00;18;73;5,2;235;5,8
02-05-2022 15:30;42;72;4,9;234;6,2
02-05-2022 15:00;84;71;5;245;6,4
02-05-2022 14:30;133;63;5,8;241;6,9
02-05-2022 14:00;227;62;6;243;6,5
02-05-2022 13:30;215;66;5,7;243;6,5
02-05-2022 13:00;233;68;5,4;245;5,4
02-05-2022 12:30;289;70;5;249;6
02-05-2022 12:00;205;70;4,3;250;6,4
02-05-2022 11:30;167;67;5,3;246;5,9
02-05-2022 11:00;208;66;5,2;257;5,7
02-05-2022 10:30;199;68;5;259;6,3
02-05-2022 10:00;211;68;4,7;253;6
02-05-2022 09:30;142;70;4,3;255;5,4
02-05-2022 09:00;92;75;3,6;250;4,4
02-05-2022 08:30;46;75;3,4;248;4,7
02-05-2022 08:00;8;74;3,3;254;5
02-05-2022 07:30;0;75;3;247;4,4
02-05-2022 07:00;0;75;2,7;238;4,6
02-05-2022 06:30;0;78;2,5;242;4,1
02-05-2022 06:00;0;78;2,2;238;4,4
02-05-2022 05:30;0;78;2,2;237;4,1
02-05-2022 05:00;0;80;2,2;239;3,8
02-05-2022 04:30;0;82;2,1;241;3,7
02-05-2022 04:00;0;82;2,1;240;4
02-05-2022 03:30;0;82;2,1;238;3,6
02-05-2022 03:00;0;80;2,4;243;3,8
02-05-2022 02:30;0;78;2,7;253;4,9
02-05-2022 02:00;0;78;2,9;253;5,2
02-05-2022 01:30;0;78;2,8;246;4,8
02-05-2022 01:00;0;79;3;250;5,3
02-05-2022 00:30;0;80;2,9;242;3,5
02-05-2022 00:00;0;79;2,9;246;3,4
02-04-2022 23:30;0;77;3;243;3,2
02-04-2022 23:00;0;79;2,9;248;3,5
02-04-2022 22:30;0;82;2,7;247;3,4
02-04-2022 22:00;0;84;2,6;244;3,4
02-04-2022 21:30;0;83;2,6;245;3,1
02-04-2022 21:00;0;82;2,8;256;3,6
02-04-2022 20:30;0;82;2,9;264;4,2
02-04-2022 20:00;0;81;2,8;265;3,7
02-04-2022 19:30;0;79;2,9;276;3,5
02-04-2022 19:00;0;84;2,5;259;2,8
02-04-2022 18:30;0;84;2,3;279;3,1
02-04-2022 18:00;0;84;2,2;302;4,6
02-04-2022 17:30;0;85;2,5;306;5,1
02-04-2022 17:00;0;84;3;307;4,7
02-04-2022 16:30;1;84;3,5;307;5,3
02-04-2022 16:00;5;85;4,4;297;3,7
02-04-2022 15:30;12;86;5,1;298;3,4
02-04-2022 15:00;11;86;6,2;280;4,1
02-04-2022 14:30;27;86;6,9;231;5,2
02-04-2022 14:00;43;87;6,9;223;5,6
02-04-2022 13:30;30;87;6,8;220;4,9
02-04-2022 13:00;28;87;6,8;213;5,6
02-04-2022 12:30;31;87;6,8;210;5
02-04-2022 12:00;34;87;6,8;208;5,2
02-04-2022 11:30;28;86;6,8;206;5,2
02-04-2022 11:00;21;85;6,8;205;6
02-04-2022 10:30;19;84;6,7;208;5,6
02-04-2022 10:00;13;84;6,7;207;5,2
02-04-2022 09:30;11;85;6,5;205;5,2
02-04-2022 09:00;7;85;6,4;206;4,8
02-04-2022 08:30;3;85;6,3;204;5
02-04-2022 08:00;0;85;6,3;204;5
02-04-2022 07:30;0;85;6,3;208;4,8
02-04-2022 07:00;0;84;6,3;204;5,4
02-04-2022 06:30;0;84;6,2;203;5,5
02-04-2022 06:00;0;84;6,2;201;4,9
02-04-2022 05:30;0;84;6,2;198;5,1
02-04-2022 05:00;0;86;6,2;205;4,7
02-04-2022 04:30;0;87;6,2;209;4,7
02-04-2022 04:00;0;87;6,2;206;4
02-04-2022 03:30;0;87;6,2;216;3,7
02-04-2022 03:00;0;88;6,1;225;3,5
02-04-2022 02:30;0;89;6,2;234;3,6
02-04-2022 02:00;0;89;6,2;233;3,2
02-04-2022 01:30;0;88;6,2;223;3,3
02-04-2022 01:00;0;88;6,3;225;3,1
02-04-2022 00:30;0;87;6,2;233;3,5
02-04-2022 00:00;0;87;6,3;236;3,7
02-03-2022 23:30;0;88;6,2;244;3,8
02-03-2022 23:00;0;89;6,3;232;3,7
02-03-2022 22:30;0;89;6,3;230;3,7
02-03-2022 22:00;0;89;6,3;225;3,9
02-03-2022 21:30;0;89;6,3;224;4,2
02-03-2022 21:00;0;89;6,3;231;3,9
02-03-2022 20:30;0;88;6,3;228;4,6
02-03-2022 20:00;0;88;6,4;227;4,1
02-03-2022 19:30;0;88;6,4;228;3,9
02-03-2022 19:00;0;89;6,4;224;4,4
02-03-2022 18:30;0;90;6,4;223;4,3
02-03-2022 18:00;0;89;6,5;226;4,6
02-03-2022 17:30;0;89;6,6;224;4,3
02-03-2022 17:00;0;89;6,7;222;3,8
02-03-2022 16:30;2;88;6,9;229;3,9
02-03-2022 16:00;10;87;7;230;4,2
02-03-2022 15:30;15;87;7,1;236;4,6
02-03-2022 15:00;43;88;7;227;4,5
02-03-2022 14:30;42;88;6,9;224;5,7
02-03-2022 14:00;38;88;7,1;224;5,4
02-03-2022 13:30;43;89;7,1;232;5
02-03-2022 13:00;44;88;7,1;230;4,2
02-03-2022 12:30;51;88;6,9;230;4
02-03-2022 12:00;38;89;6,6;221;4,1
02-03-2022 11:30;26;89;6,2;217;3,9
02-03-2022 11:00;37;89;5,9;209;4,2
02-03-2022 10:30;32;89;5,6;204;4,3
02-03-2022 10:00;23;89;5,4;199;4,3
02-03-2022 09:30;22;89;5,3;192;4,1
02-03-2022 09:00;11;89;5,2;189;3,5
02-03-2022 08:30;6;89;5,2;185;3,3
02-03-2022 08:00;1;90;5,2;176;2,9
02-03-2022 07:30;0;90;5,3;179;2,7
02-03-2022 07:00;0;89;5,3;190;2,9
02-03-2022 06:30;0;89;5,3;196;3,1
02-03-2022 06:00;0;88;5,3;196;2,9
02-03-2022 05:30;0;87;5,3;192;2,6
02-03-2022 05:00;0;86;5,4;193;2,7
02-03-2022 04:30;0;85;5,5;201;2,6
02-03-2022 04:00;0;84;5,8;213;2,4
02-03-2022 03:30;0;84;5,8;222;2,5
02-03-2022 03:00;0;83;5,8;234;3
02-03-2022 02:30;0;83;5,8;245;2,5
02-03-2022 02:00;0;83;5,8;239;3
02-03-2022 01:30;0;81;5,9;253;3,7
02-03-2022 01:00;0;81;5,8;251;3,7
02-03-2022 00:30;0;82;5,5;253;3,5
02-03-2022 00:00;0;81;5,2;249;4,1
02-02-2022 23:30;0;80;5,1;243;4,3
02-02-2022 23:00;0;79;5,2;243;4,4
02-02-2022 22:30;0;77;5,1;247;4,6
02-02-2022 22:00;0;76;4,9;246;5
02-02-2022 21:30;0;74;4,5;248;4
02-02-2022 21:00;0;72;4,2;247;3,5
02-02-2022 20:30;0;70;4,1;249;2,8
02-02-2022 20:00;0;68;4;264;3,2
02-02-2022 19:30;0;65;3,5;245;2,5
02-02-2022 19:00;0;62;3,6;247;2,2
02-02-2022 18:30;0;60;4;269;1,8
02-02-2022 18:00;0;60;4,2;288;2,7
02-02-2022 17:30;0;60;4,4;295;3,5
02-02-2022 17:00;0;57;4,7;302;4,4
02-02-2022 16:30;10;56;4,7;305;5,2
02-02-2022 16:00;27;54;5;302;6,4
02-02-2022 15:30;51;52;5,1;306;5,3
02-02-2022 15:00;48;52;5,3;306;5,5
02-02-2022 14:30;101;50;5,5;307;6,3
02-02-2022 14:00;260;52;5,6;302;6,3
02-02-2022 13:30;189;54;5,5;304;6,6
02-02-2022 13:00;139;60;5,2;308;5,4
02-02-2022 12:30;156;63;5,1;311;5,3
02-02-2022 12:00;268;66;4,6;314;5,3
02-02-2022 11:30;158;67;4,2;316;5,3
02-02-2022 11:00;206;67;4,1;312;4,4
02-02-2022 10:30;228;66;3,8;314;4,8
02-02-2022 10:00;191;69;3,6;315;4,4
02-02-2022 09:30;138;69;3,4;320;5
02-02-2022 09:00;94;70;3,4;320;5,5
02-02-2022 08:30;23;67;3,7;320;6,4
02-02-2022 08:00;4;62;4,3;320;7,7
02-02-2022 07:30;0;63;4,8;312;8,2
02-02-2022 07:00;0;65;5;305;9,4
02-02-2022 06:30;0;65;5;304;8,5
02-02-2022 06:00;0;64;5,2;302;8,4
02-02-2022 05:30;0;63;5,3;302;8,8
02-02-2022 05:00;0;63;5,5;301;9
02-02-2022 04:30;0;67;5,5;294;8,1
02-02-2022 04:00;0;70;5,2;289;7,3
02-02-2022 03:30;0;71;5;288;7,1
02-02-2022 03:00;0;71;4,9;286;6,6
02-02-2022 02:30;0;72;5;282;5,8
02-02-2022 02:00;0;71;5,4;283;5,7
02-02-2022 01:30;0;69;5,8;287;5,8
02-02-2022 01:00;0;69;5,9;289;5,4
02-02-2022 00:30;0;69;6;287;5,6
02-02-2022 00:00;0;71;5,8;287;5,3
02-01-2022 23:30;0;75;5,8;286;5,6
02-01-2022 23:00;0;73;5,9;289;5,4
02-01-2022 22:30;0;70;6,1;292;5,7
02-01-2022 22:00;0;70;6,2;295;6,3
02-01-2022 21:30;0;70;6,1;291;6,4
02-01-2022 21:00;0;70;6;290;5,7
02-01-2022 20:30;0;69;6,2;292;6,3
02-01-2022 20:00;0;70;6,4;291;6,2
02-01-2022 19:30;0;68;6,5;297;7
02-01-2022 19:00;0;70;6,4;294;7,3
02-01-2022 18:30;0;72;6,6;293;6,9
02-01-2022 18:00;0;69;6,9;285;6,1
02-01-2022 17:30;0;67;7,1;294;7,5
02-01-2022 17:00;0;71;7,2;290;7,3
02-01-2022 16:30;4;73;7;290;6,6
02-01-2022 16:00;24;74;6,8;287;6,2
02-01-2022 15:30;61;75;6,8;287;6,6
02-01-2022 15:00;71;76;7,3;281;7,1
02-01-2022 14:30;80;77;7,5;283;6,2
02-01-2022 14:00;52;80;7,3;282;6
02-01-2022 13:30;59;84;7,1;282;5,2
02-01-2022 13:00;79;84;6,7;268;5,3
02-01-2022 12:30;70;87;5,7;251;5,6
02-01-2022 12:00;56;87;4,6;225;5,2
02-01-2022 11:30;47;87;4;215;6
02-01-2022 11:00;36;87;3,6;209;5,1
02-01-2022 10:30;31;86;3,5;210;5,1
02-01-2022 10:00;28;85;3,4;204;4,3
02-01-2022 09:30;28;85;3,2;206;3,7
02-01-2022 09:00;23;84;3,1;215;3,8
02-01-2022 08:30;12;84;2,7;224;3,2
02-01-2022 08:00;2;83;2,5;228;3,5
02-01-2022 07:30;0;81;2,4;227;2,9
02-01-2022 07:00;0;81;2,2;245;3
02-01-2022 06:30;0;80;2,1;246;2,8
02-01-2022 06:00;0;78;2,2;269;3,5
02-01-2022 05:30;0;77;2;256;3,2
02-01-2022 05:00;0;76;2;268;2,4
02-01-2022 04:30;0;76;2;277;2,6
02-01-2022 04:00;0;77;1,8;281;3
02-01-2022 03:30;0;78;1,7;274;3
02-01-2022 03:00;0;80;1,5;276;3,1
02-01-2022 02:30;0;84;1,3;277;3,2
02-01-2022 02:00;0;86;1,1;277;3
02-01-2022 01:30;0;87;1;283;2,5
02-01-2022 01:00;0;87;0,9;295;2,9
02-01-2022 00:30;0;85;1,4;281;3,2
02-01-2022 00:00;0;85;1,8;251;2,7
31-01-2022 23:30;0;84;1,6;233;2,6
31-01-2022 23:00;0;84;1,7;231;2,6
31-01-2022 22:30;0;83;2;257;2
31-01-2022 22:00;0;83;2;279;2,1
31-01-2022 21:30;0;83;2,1;283;2,3
31-01-2022 21:00;0;82;2,2;281;2
31-01-2022 20:30;0;82;2,2;282;1,8
31-01-2022 20:00;0;83;2,2;285;2,1
31-01-2022 19:30;0;83;2,1;282;2,1
31-01-2022 19:00;0;84;2;289;2,1
31-01-2022 18:30;0;83;2;290;2,4
31-01-2022 18:00;0;83;2,1;293;2,1
31-01-2022 17:30;0;83;2,1;298;2
31-01-2022 17:00;0;82;2,1;298;1,9
31-01-2022 16:30;4;82;2,1;310;1,8
31-01-2022 16:00;15;81;2,3;317;2,2
31-01-2022 15:30;23;79;2,4;322;2,2
31-01-2022 15:00;35;75;3,4;336;3,1
31-01-2022 14:30;64;72;3,7;322;2,5
31-01-2022 14:00;112;71;3,6;333;2,2
31-01-2022 13:30;112;69;3,6;6;1,7
31-01-2022 13:00;171;70;3,5;26;1,8
31-01-2022 12:30;143;73;3,3;40;1,3
31-01-2022 12:00;196;78;2,8;24;1,5
31-01-2022 11:30;68;78;2,7;34;1,7
31-01-2022 10:30;127;79;2,7;86;1,5
31-01-2022 10:00;138;81;2,4;127;1,4
31-01-2022 09:30;73;82;2,1;147;1,8
31-01-2022 09:00;34;83;1,9;146;2
31-01-2022 08:30;16;82;2;158;1,8
31-01-2022 08:00;2;82;2,1;159;2
31-01-2022 07:30;0;81;2,2;155;2,9
31-01-2022 07:00;0;82;2,3;182;1,9
31-01-2022 06:30;0;81;2,3;159;2,7
31-01-2022 06:00;0;81;2,6;162;3
31-01-2022 05:30;0;79;2,8;168;2,1
31-01-2022 05:00;0;78;2,8;166;2,2
31-01-2022 04:30;0;78;2,6;163;2,3
31-01-2022 04:00;0;77;2,7;157;2,2
31-01-2022 03:30;0;76;2,9;173;1,8
31-01-2022 03:00;0;76;2,9;190;2,5
31-01-2022 02:30;0;76;3;205;2,9
31-01-2022 02:00;0;75;3;206;2,3
31-01-2022 01:30;0;74;3,2;206;2
31-01-2022 01:00;0;72;3,3;216;2,3
31-01-2022 00:30;0;70;3,5;226;2,5
31-01-2022 00:00;0;67;3,7;254;2,8
30-01-2022 23:30;0;67;3,5;234;2,4
30-01-2022 23:00;0;64;3,5;237;2,7
30-01-2022 22:30;0;62;3,6;242;2,2
30-01-2022 22:00;0;62;3,7;269;2,1
30-01-2022 21:30;0;62;3,6;272;2,4
30-01-2022 21:00;0;62;3,6;271;2,5
30-01-2022 20:30;0;62;3,6;286;2,7
30-01-2022 20:00;0;62;3,6;291;2,9
30-01-2022 19:30;0;63;3,6;290;3,9
30-01-2022 19:00;0;63;3,7;300;4,7
30-01-2022 18:30;0;62;3,7;303;5,7
30-01-2022 18:00;0;61;3,9;300;5,2
30-01-2022 17:30;0;60;4,1;304;5,5
30-01-2022 17:00;0;57;4,3;304;6,4
30-01-2022 16:30;3;55;4,7;303;6,7
30-01-2022 16:00;30;54;5;306;6,9
30-01-2022 15:30;80;51;5,4;301;7,8
30-01-2022 15:00;132;50;5,6;302;7,3
30-01-2022 14:30;177;50;5,8;301;7
30-01-2022 14:00;217;49;5,9;301;8,6
30-01-2022 13:30;231;50;5,9;304;9,1
30-01-2022 13:00;270;49;6,1;303;8,5
30-01-2022 12:30;282;48;6,1;301;8,3
30-01-2022 12:00;280;49;5,9;303;9
30-01-2022 11:30;265;50;5,8;302;8,5
30-01-2022 11:00;240;53;5,8;302;8,2
30-01-2022 10:30;207;54;5,6;306;8,5
30-01-2022 10:00;162;56;5,5;303;9,5
30-01-2022 09:30;113;56;5,4;306;10,5
30-01-2022 09:00;64;57;5,3;305;10,1
30-01-2022 08:30;24;57;5,4;302;10,5
30-01-2022 08:00;4;55;5,6;302;10,7
30-01-2022 07:30;0;54;5,7;304;11
30-01-2022 07:00;0;54;5,9;303;11,1
30-01-2022 06:30;0;54;6,2;304;12,1
30-01-2022 06:00;0;56;6,2;301;12,1
30-01-2022 05:30;0;56;6,3;300;12,6
30-01-2022 05:00;0;55;6,4;297;11,5
30-01-2022 04:30;0;55;6,6;300;11,8
30-01-2022 04:00;0;56;6,6;296;12,3
30-01-2022 03:30;0;57;6,6;293;11,7
30-01-2022 03:00;0;60;6,5;293;11,6
30-01-2022 02:30;0;60;6,4;291;10,5
30-01-2022 02:00;0;61;6,2;288;11,6
30-01-2022 01:30;0;60;6,2;290;11,4
30-01-2022 01:00;0;58;6,2;292;10,5
30-01-2022 00:30;0;59;5,9;290;10,4
30-01-2022 00:00;0;64;5,3;287;10
29-01-2022 23:30;0;64;5,8;287;10,7
29-01-2022 23:00;0;62;5,9;286;9,6
29-01-2022 22:30;0;58;6,4;289;10,1
29-01-2022 22:00;0;58;6,4;282;9,8
29-01-2022 21:30;0;58;6,7;282;9,8
29-01-2022 21:00;0;59;6,6;286;10,2
29-01-2022 20:30;0;61;6,4;282;10,9
29-01-2022 20:00;0;59;6,7;282;9,8
29-01-2022 19:30;0;62;6,6;286;9,8
29-01-2022 19:00;0;66;6,9;281;9
29-01-2022 18:30;0;65;7,7;282;9,8
29-01-2022 18:00;0;62;8,5;286;10,1
29-01-2022 17:30;0;68;8,8;273;9,5
29-01-2022 17:00;0;71;8,8;266;9
29-01-2022 16:30;2;66;9,4;269;10,2
29-01-2022 16:00;9;68;9,5;266;10,4
29-01-2022 15:30;12;72;9,3;267;10,2
29-01-2022 15:00;22;75;9,3;257;12,3
29-01-2022 14:30;53;75;9,3;255;10,4
29-01-2022 14:00;37;75;9,2;255;10,7
29-01-2022 13:30;28;75;9,3;255;9,7
29-01-2022 13:00;62;76;9,3;251;8,5
29-01-2022 12:30;36;78;9,2;254;8,1
29-01-2022 12:00;30;81;8,9;252;8,1
29-01-2022 11:30;28;85;8,5;247;7,6
29-01-2022 11:00;27;87;8,2;245;7,8
29-01-2022 10:30;27;87;8,1;243;7,6
29-01-2022 10:00;26;87;8;245;6,9
29-01-2022 09:30;22;87;7,9;249;7,7
29-01-2022 09:00;9;88;7,8;253;7,9
29-01-2022 08:30;2;88;7,7;253;7,7
29-01-2022 08:00;0;87;7,6;250;7,2
29-01-2022 07:30;0;87;7,5;249;6,8
29-01-2022 07:00;0;87;7,3;247;6,7
29-01-2022 06:30;0;86;7,1;244;6,4
29-01-2022 06:00;0;86;7;241;6,9
29-01-2022 05:30;0;87;6,7;240;6,3
29-01-2022 05:00;0;88;6,3;233;6,5
29-01-2022 04:30;0;87;6,1;235;5,9
29-01-2022 04:00;0;87;5,8;232;6,2
29-01-2022 03:30;0;87;5,5;220;6
29-01-2022 03:00;0;87;5,2;219;4,8
29-01-2022 02:30;0;87;5,1;218;4,4
29-01-2022 02:00;0;86;4,9;221;4,7
29-01-2022 01:30;0;86;4,6;218;4,2
29-01-2022 01:00;0;86;4,4;213;4,8
29-01-2022 00:30;0;86;4,2;202;4,8
29-01-2022 00:00;0;85;4,1;198;4,5
28-01-2022 23:30;0;81;4;200;4,8
28-01-2022 23:00;0;76;4,1;204;4,6
28-01-2022 22:30;0;75;4;205;4
28-01-2022 22:00;0;74;3,8;211;3,5
28-01-2022 21:30;0;75;3,8;214;3,6
28-01-2022 21:00;0;73;3,9;218;3,2
28-01-2022 20:30;0;71;4;226;3,2
28-01-2022 20:00;0;69;4,1;221;2,9
28-01-2022 19:30;0;66;4,2;226;3
28-01-2022 19:00;0;66;4,3;232;2,9
28-01-2022 18:30;0;65;4,2;235;3,2
28-01-2022 18:00;0;62;4,4;234;2,5
28-01-2022 17:30;0;60;4,7;254;2,3
28-01-2022 17:00;0;60;4,8;257;2,2
28-01-2022 16:30;3;59;5,1;245;2,1
28-01-2022 16:00;22;56;5,4;260;2,7
28-01-2022 15:30;59;55;5,7;263;3,2
28-01-2022 15:00;117;54;5,9;274;2,8
28-01-2022 14:30;171;52;6;274;2,8
28-01-2022 14:00;207;52;5,8;288;3,4
28-01-2022 13:30;219;54;5,7;295;2,7
28-01-2022 13:00;264;55;5,4;302;3,5
28-01-2022 12:30;271;56;5,3;308;3,7
28-01-2022 12:00;277;57;5,1;309;3,9
28-01-2022 11:30;265;59;4,9;307;4,1
28-01-2022 11:00;242;59;4,7;311;4,5
28-01-2022 10:30;210;60;4,5;305;4,1
28-01-2022 10:00;167;62;4,1;308;3,8
28-01-2022 09:30;120;63;3,8;313;4,1
28-01-2022 09:00;71;63;3,6;314;4,5
28-01-2022 08:30;26;63;3,5;311;4,5
28-01-2022 08:00;3;63;3,4;308;4,4
28-01-2022 07:30;0;61;3,5;308;4,5
28-01-2022 07:00;0;61;3,5;307;5,3
28-01-2022 06:30;0;62;3,5;304;5,4
28-01-2022 06:00;0;62;3,7;306;6,5
28-01-2022 05:30;0;62;3,8;303;7,1
28-01-2022 05:00;0;61;3,8;303;6,8
28-01-2022 04:30;0;62;3,9;304;6,9
28-01-2022 04:00;0;62;4,1;303;6,6
28-01-2022 03:30;0;62;4,4;303;7,2
28-01-2022 03:00;0;62;4,6;303;7,2
28-01-2022 02:30;0;60;4,8;303;8,4
28-01-2022 02:00;0;60;4,9;303;8,3
28-01-2022 01:30;0;61;5;304;8,2
28-01-2022 01:00;0;62;5,1;303;8,1
28-01-2022 00:30;0;62;5,2;301;8,9
28-01-2022 00:00;0;62;5,3;298;8,8
27-01-2022 23:30;0;60;5,4;302;8,9
27-01-2022 23:00;0;60;5,5;298;9,3
27-01-2022 22:30;0;59;5,7;298;8,9
27-01-2022 22:00;0;60;5,9;302;9,4
27-01-2022 21:30;0;63;6,1;298;8,3
27-01-2022 21:00;0;63;6,2;299;8,8
27-01-2022 20:30;0;63;6,2;296;8,6
27-01-2022 20:00;0;63;6,1;294;8,6
27-01-2022 19:30;0;63;5,9;295;8,7
27-01-2022 19:00;0;64;5,8;287;8,8
27-01-2022 18:30;0;64;5,9;283;8,2
27-01-2022 18:00;0;66;5,8;282;8,8
27-01-2022 17:30;0;67;5,7;280;7,7
27-01-2022 17:00;0;63;6,1;276;8,7
27-01-2022 16:30;2;62;6,4;283;8,6
27-01-2022 16:00;20;59;6,7;277;8,3
27-01-2022 15:30;37;60;6,8;278;8
27-01-2022 15:00;74;59;7;285;8,5
27-01-2022 14:30;107;61;7,1;282;8
27-01-2022 14:00;119;64;7,1;282;7,2
27-01-2022 13:30;132;68;6,7;282;7,4
27-01-2022 13:00;114;61;7,6;282;7,8
27-01-2022 12:30;165;61;7,7;272;7,3
27-01-2022 12:00;155;63;7,6;277;7,9
27-01-2022 11:30;163;67;7,5;273;7,7
27-01-2022 11:00;109;71;7,2;275;6,7
27-01-2022 10:30;75;70;7,5;272;7,2
27-01-2022 10:00;66;78;7,1;278;5,7
27-01-2022 09:30;24;78;7;286;7,2
27-01-2022 09:00;16;75;8;265;5,9
27-01-2022 08:30;8;78;8;261;7,1
27-01-2022 08:00;1;83;7,8;257;6,4
27-01-2022 07:30;0;84;7,6;258;7,3
27-01-2022 07:00;0;85;7,4;257;7,2
27-01-2022 06:30;0;86;7,1;255;7
27-01-2022 06:00;0;86;6,8;253;6,7
27-01-2022 05:30;0;87;6,7;251;7,1
27-01-2022 05:00;0;86;6,6;246;6,4
27-01-2022 04:30;0;85;6,6;244;6,8
27-01-2022 04:00;0;85;6,5;242;7,3
27-01-2022 03:30;0;84;6,4;244;7
27-01-2022 03:00;0;84;6,3;241;7,4
27-01-2022 02:30;0;84;6,3;243;7,4
27-01-2022 02:00;0;81;6,5;245;7,1
27-01-2022 01:30;0;78;6,7;244;7,2
27-01-2022 01:00;0;79;6,6;243;7,3
27-01-2022 00:30;0;78;6,7;240;7,1
27-01-2022 00:00;0;78;6,4;234;7
26-01-2022 23:30;0;77;6,4;238;6,4
26-01-2022 23:00;0;76;6,5;240;6
26-01-2022 22:30;0;76;6,5;251;6,2
26-01-2022 22:00;0;76;6,5;245;6
26-01-2022 21:30;0;77;6,6;247;5,2
26-01-2022 21:00;0;79;6,5;248;5,1
26-01-2022 20:30;0;78;6,6;255;4,8
26-01-2022 20:00;0;78;6,7;258;5,5
26-01-2022 19:30;0;78;6,7;265;4,8
26-01-2022 19:00;0;78;6,7;269;4,6
26-01-2022 18:30;0;78;6,7;272;4,7
26-01-2022 18:00;0;77;6,7;271;4,4
26-01-2022 17:30;0;77;6,7;264;5,3
26-01-2022 17:00;0;77;6,7;262;5,7
26-01-2022 16:30;2;78;6,7;257;5,4
26-01-2022 16:00;11;77;6,8;260;5,4
26-01-2022 15:30;25;78;6,8;260;5,6
26-01-2022 15:00;28;79;6,8;263;5,4
26-01-2022 14:30;37;80;6,7;264;5,1
26-01-2022 14:00;49;82;6,4;256;4,7
26-01-2022 13:30;32;84;6;255;5,1
26-01-2022 13:00;41;86;5,7;254;5,3
26-01-2022 12:30;28;87;5,3;255;4,8
26-01-2022 12:00;44;87;5,1;243;5,2
26-01-2022 11:30;36;86;4,9;244;5,4
26-01-2022 11:00;35;85;4,9;247;5
26-01-2022 10:30;23;85;4,8;249;5,3
26-01-2022 10:00;17;84;4,7;249;5,3
26-01-2022 09:30;10;82;4,6;245;5,4
26-01-2022 09:00;11;81;4,5;253;5,2
26-01-2022 08:30;11;82;4,4;253;4,9
26-01-2022 08:00;1;81;4,4;259;5,3
26-01-2022 07:30;0;83;4,4;264;5,8
26-01-2022 07:00;0;82;4,5;258;5,2
26-01-2022 06:30;0;80;4,7;260;5,2
26-01-2022 06:00;0;81;4,7;263;5,4
26-01-2022 05:30;0;80;4,8;267;5,3
26-01-2022 05:00;0;81;4,8;260;5,3
26-01-2022 04:30;0;81;4,8;262;5,8
26-01-2022 04:00;0;80;4,9;262;5,2
26-01-2022 03:30;0;77;5,1;271;4,9
26-01-2022 03:00;0;77;5,3;261;5
26-01-2022 02:30;0;77;5,6;265;5,1
26-01-2022 02:00;0;76;5,8;269;4,8
26-01-2022 01:30;0;79;5,9;275;4,8
26-01-2022 01:00;0;83;6,1;272;4,1
26-01-2022 00:30;0;87;6,1;272;3,4
26-01-2022 00:00;0;87;6;261;3,3
25-01-2022 23:30;0;86;6;253;3,5
25-01-2022 23:00;0;85;6;251;3,5
25-01-2022 22:30;0;84;6,2;252;4
25-01-2022 22:00;0;83;6,2;254;3,7
25-01-2022 21:30;0;83;6,2;252;4,2
25-01-2022 21:00;0;82;6,3;251;3,5
25-01-2022 20:30;0;82;6,4;253;3,4
25-01-2022 20:00;0;82;6,5;256;3,7
25-01-2022 19:30;0;83;6,6;257;3,4
25-01-2022 19:00;0;84;6,6;270;3,2
25-01-2022 18:30;0;86;6,6;275;3
25-01-2022 18:00;0;84;6,9;279;3,2
25-01-2022 17:30;0;81;7,2;283;3,1
25-01-2022 17:00;0;81;7,3;283;3
25-01-2022 16:30;1;81;7,4;278;3,1
25-01-2022 16:00;5;81;7,6;274;3,4
25-01-2022 15:30;18;80;7,8;275;3
25-01-2022 15:00;31;79;7,9;273;2,6
25-01-2022 14:30;56;77;7,9;283;3,1
25-01-2022 14:00;71;80;7,6;289;2,9
25-01-2022 13:30;29;80;7,5;289;2,5
25-01-2022 13:00;50;77;7,7;295;3,4
25-01-2022 12:30;70;77;7,7;293;3,4
25-01-2022 12:00;66;79;7,5;280;3,3
25-01-2022 11:30;73;80;7,3;279;2,6
25-01-2022 11:00;63;80;7,2;278;2,8
25-01-2022 10:30;81;81;7;273;3,1
25-01-2022 10:00;58;83;6,7;272;3
25-01-2022 09:30;36;84;6,4;274;2,7
25-01-2022 09:00;18;84;6,4;278;2,9
25-01-2022 08:30;5;84;6,3;273;3,2
25-01-2022 08:00;1;85;6,2;266;3
25-01-2022 07:30;0;85;6,2;265;3,2
25-01-2022 07:00;0;84;6,1;261;2,8
25-01-2022 06:30;0;85;6,1;269;2,7
25-01-2022 06:00;0;86;5,9;269;3
25-01-2022 05:30;0;85;5,9;269;2,5
25-01-2022 05:00;0;83;6,1;274;3
25-01-2022 04:30;0;81;6,2;280;2,8
25-01-2022 04:00;0;81;6,2;275;3
25-01-2022 03:30;0;82;6;260;3,9
25-01-2022 03:00;0;82;5,9;258;3,7
25-01-2022 02:30;0;82;5,8;256;3,7
25-01-2022 02:00;0;82;5,7;255;4,2
25-01-2022 01:30;0;83;5,6;259;4,2
25-01-2022 01:00;0;83;5,5;258;3,8
25-01-2022 00:30;0;83;5,4;255;4,3
25-01-2022 00:00;0;82;5,3;251;3,7
24-01-2022 23:30;0;82;5,2;255;3,7
24-01-2022 23:00;0;81;5,2;255;3,9
24-01-2022 22:30;0;80;5,2;256;4
24-01-2022 22:00;0;80;5,2;258;4
24-01-2022 21:30;0;79;5,2;256;4,3
24-01-2022 21:00;0;79;5,2;248;3,9
24-01-2022 20:30;0;79;5,1;249;4,1
24-01-2022 20:00;0;79;5,1;251;3,6
24-01-2022 19:30;0;79;5,1;252;3,3
24-01-2022 19:00;0;79;5,1;251;3,8
24-01-2022 18:30;0;80;5;246;3,9
24-01-2022 18:00;0;80;5;243;3,9
24-01-2022 17:30;0;80;5,1;250;3,1
24-01-2022 17:00;0;79;5,2;260;3,2
24-01-2022 16:30;0;79;5,2;272;3,2
24-01-2022 16:00;3;78;5,4;273;3,6
24-01-2022 15:30;6;76;5,5;275;3,9
24-01-2022 15:00;12;74;5,7;277;4,9
24-01-2022 14:30;17;74;5,9;277;4,1
24-01-2022 14:00;20;73;6;266;4,5
24-01-2022 13:30;24;74;6;264;4,4
24-01-2022 13:00;26;74;6;255;4,4
24-01-2022 12:30;32;74;6;254;3,9
24-01-2022 12:00;34;73;6;248;3,7
24-01-2022 11:30;27;72;6,1;249;3,5
24-01-2022 11:00;27;71;6,1;254;3,8
24-01-2022 10:30;32;72;6;255;3,7
24-01-2022 10:00;29;74;6;254;3,7
24-01-2022 09:30;18;75;5,9;248;3
24-01-2022 09:00;9;75;5,9;244;3,6
24-01-2022 08:30;2;76;5,8;245;3,3
24-01-2022 08:00;0;76;5,8;243;3,8
24-01-2022 07:30;0;75;5,8;255;3,8
24-01-2022 07:00;0;74;5,8;258;4,5
24-01-2022 06:30;0;76;5,8;258;5,4
24-01-2022 06:00;0;80;5,7;261;3,8
24-01-2022 05:30;0;79;5,8;254;4,2
24-01-2022 05:00;0;79;6;256;4,4
24-01-2022 04:30;0;82;5,8;252;4
24-01-2022 04:00;0;83;5,8;242;3,5
24-01-2022 03:30;0;84;5,8;239;3,6
24-01-2022 03:00;0;85;5,8;241;3,9
24-01-2022 02:30;0;87;5,8;236;4,1
24-01-2022 02:00;0;88;5,9;239;3,3
24-01-2022 01:30;0;89;5,9;241;3,2
24-01-2022 01:00;0;90;5,9;254;3,1
24-01-2022 00:30;0;91;5,9;253;3,6
24-01-2022 00:00;0;91;5,9;252;3,3
