Målt;Globalstråling;Relativ fugtighed;Temperatur;Vindretning;Vindhastighed
22-02-2022 10:30:00;138;65;2,7;138;2,1
22-02-2022 10:00:00;188;70;2,3;180;1,8
22-02-2022 09:30:00;152;79;1,8;182;1,4
22-02-2022 09:00:00;92;84;1,4;178;1,00
22-02-2022 08:30:00;125;86;1,00;162;1,1
22-02-2022 08:00:00;64;86;0,6;171;1,4
22-02-2022 07:30:00;12;84;0,9;80;0,9
22-02-2022 07:00:00;1;82;1,1;14;1,5
22-02-2022 06:30:00;0;73;1,5;336;2,7
22-02-2022 06:00:00;0;68;1,5;262;1,4
22-02-2022 05:30:00;0;66;1,6;292;1,7
22-02-2022 05:00:00;0;68;1,5;300;2,1
22-02-2022 04:30:00;0;68;1,5;312;2,3
22-02-2022 04:00:00;0;67;1,7;309;2,00
22-02-2022 03:30:00;0;69;1,8;318;2,1
22-02-2022 03:00:00;0;71;1,8;320;2,4
22-02-2022 02:30:00;0;71;1,8;307;2,1
22-02-2022 02:00:00;0;70;2,2;313;2,00
22-02-2022 01:30:00;0;70;2,5;320;2,2
22-02-2022 01:00:00;0;70;2,8;321;1,9
22-02-2022 00:30:00;0;69;2,9;305;2,4
22-02-2022 00:00:00;0;68;3,00;315;2,7
21-02-2022 23:30:00;0;69;3,00;314;2,4
21-02-2022 23:00:00;0;70;2,9;304;2,1
21-02-2022 22:30:00;0;69;2,8;297;2,3
21-02-2022 22:00:00;0;69;2,8;298;1,7
21-02-2022 21:30:00;0;70;2,7;308;1,6
21-02-2022 21:00:00;0;71;2,6;308;2,2
21-02-2022 20:30:00;0;70;2,7;304;1,9
21-02-2022 20:00:00;0;69;2,8;337;2,2
21-02-2022 19:30:00;0;69;2,9;340;3,1
21-02-2022 19:00:00;0;68;3,1;349;3,2
21-02-2022 18:30:00;0;66;3,5;346;3,4
21-02-2022 18:00:00;0;64;4,00;345;3,8
21-02-2022 17:30:00;2;61;4,7;333;4,5
21-02-2022 17:00:00;18;62;5,3;333;4,4
21-02-2022 16:30:00;67;68;6,2;325;5,2
21-02-2022 16:00:00;165;70;6,5;306;5,5
21-02-2022 15:30:00;209;71;6,6;297;6,1
21-02-2022 15:00:00;237;72;6,6;294;5,8
21-02-2022 14:30:00;320;73;6,7;287;5,9
21-02-2022 14:00:00;306;73;6,5;284;6,3
21-02-2022 13:30:00;301;74;6,3;284;6,8
21-02-2022 13:00:00;226;74;6,1;283;7,4
21-02-2022 12:30:00;286;75;6,00;278;7,7
21-02-2022 12:00:00;186;75;5,8;280;7,5
21-02-2022 11:30:00;159;77;5,4;277;7,6
21-02-2022 11:00:00;212;82;4,9;272;7,5
21-02-2022 10:30:00;99;86;4,4;275;6,8
21-02-2022 10:00:00;61;89;4,00;290;4,9
21-02-2022 09:30:00;39;90;3,6;297;3,6
21-02-2022 09:00:00;29;90;3,3;294;4,7
21-02-2022 08:30:00;24;91;3,1;289;5,1
21-02-2022 08:00:00;9;92;2,8;278;4,1
21-02-2022 07:30:00;1;92;2,7;281;4,1
21-02-2022 07:00:00;0;92;2,4;277;4,00
21-02-2022 06:30:00;0;92;2,5;278;5,1
21-02-2022 06:00:00;0;91;2,7;90;4,8
21-02-2022 05:30:00;0;92;3,3;280;4,7
21-02-2022 05:00:00;0;92;3,8;283;4,2
21-02-2022 04:30:00;0;92;4,5;288;4,7
21-02-2022 04:00:00;0;93;5,1;266;5,1
21-02-2022 03:30:00;0;93;5,1;252;4,3
21-02-2022 03:00:00;0;92;5,00;253;4,7
21-02-2022 02:30:00;0;92;4,7;242;4,4
21-02-2022 02:00:00;0;92;4,8;243;4,2
21-02-2022 01:30:00;0;92;5,00;258;4,3
21-02-2022 01:00:00;0;92;4,8;263;3,1
21-02-2022 00:30:00;0;92;5,4;268;3,4
21-02-2022 00:00:00;0;92;6,2;259;3,8
20-02-2022 23:30:00;0;93;6,8;180;3,5
20-02-2022 23:00:00;0;92;6,8;160;3,2
20-02-2022 22:30:00;0;92;6,9;155;2,4
20-02-2022 22:00:00;0;91;7,1;181;3,00
20-02-2022 21:30:00;0;91;7,2;188;3,2
20-02-2022 21:00:00;0;90;7,3;203;3,8
20-02-2022 20:30:00;0;90;7,3;207;4,4
20-02-2022 20:00:00;0;90;7,4;209;5,1
20-02-2022 19:30:00;0;90;7,4;215;5,3
20-02-2022 19:00:00;0;91;7,3;216;5,1
20-02-2022 18:30:00;0;95;6,8;218;5,3
20-02-2022 18:00:00;0;95;5,1;194;3,7
20-02-2022 17:30:00;0;95;4,2;187;3,6
20-02-2022 17:00:00;2;93;3,3;178;3,6
20-02-2022 16:30:00;10;92;2,9;174;4,4
20-02-2022 16:00:00;15;92;2,3;169;4,9
20-02-2022 15:30:00;28;91;1,7;159;5,00
20-02-2022 15:00:00;32;91;1,1;154;4,9
20-02-2022 14:30:00;21;90;1,6;140;6,8
20-02-2022 14:00:00;41;89;1,7;127;7,4
20-02-2022 13:30:00;55;87;2,00;128;6,7
20-02-2022 13:00:00;70;85;2,1;135;5,5
20-02-2022 12:30:00;63;82;2,3;159;6,1
20-02-2022 12:00:00;58;76;2,7;164;6,5
19-02-2022 11:30:00;312;65;5,6;263;6,5
19-02-2022 11:00:00;294;65;5,4;264;6,1
19-02-2022 10:30:00;298;67;4,8;264;5,00
19-02-2022 10:00:00;242;74;4,00;251;4,2
19-02-2022 09:30:00;158;75;3,3;242;3,3
19-02-2022 09:00:00;111;75;3,00;245;3,2
19-02-2022 08:30:00;92;76;2,8;254;3,3
19-02-2022 08:00:00;49;77;2,7;266;3,8
19-02-2022 07:30:00;9;78;2,6;271;3,7
19-02-2022 07:00:00;0;81;2,6;287;3,7
19-02-2022 06:30:00;0;84;2,6;297;4,2
19-02-2022 06:00:00;0;85;2,6;307;5,9
19-02-2022 05:30:00;0;85;2,5;314;6,7
19-02-2022 05:00:00;0;89;1,8;320;6,2
19-02-2022 04:30:00;0;87;1,8;325;6,4
19-02-2022 04:00:00;0;88;1,8;328;7,1
19-02-2022 03:30:00;0;90;1,7;328;7,6
19-02-2022 03:00:00;0;91;2,2;316;6,2
19-02-2022 02:30:00;0;92;2,6;305;3,00
19-02-2022 02:00:00;0;92;2,7;241;2,5
19-02-2022 01:30:00;0;93;2,3;216;2,7
19-02-2022 01:00:00;0;92;1,6;195;2,4
19-02-2022 00:30:00;0;92;1,5;192;3,3
19-02-2022 00:00:00;0;91;1,6;191;3,00
18-02-2022 23:30:00;0;90;1,9;191;3,5
18-02-2022 23:00:00;0;90;2,1;204;5,00
18-02-2022 22:30:00;0;90;2,00;207;3,8
18-02-2022 22:00:00;0;91;1,9;193;3,8
18-02-2022 21:30:00;0;91;2,2;207;4,7
18-02-2022 21:00:00;0;92;1,5;191;3,5
18-02-2022 20:30:00;0;92;1,5;182;3,5
18-02-2022 20:00:00;0;92;1,4;169;3,3
18-02-2022 19:30:00;0;91;1,3;160;4,00
18-02-2022 19:00:00;0;91;1,1;157;3,5
18-02-2022 18:30:00;0;92;1,00;132;5,9
18-02-2022 18:00:00;0;93;0,8;125;6,6
18-02-2022 17:30:00;0;93;0,6;115;7,6
18-02-2022 17:00:00;1;92;0,6;108;7,8
18-02-2022 16:30:00;3;91;0,6;104;7,3
18-02-2022 16:00:00;9;90;0,6;108;6,5
18-02-2022 15:30:00;17;87;1,3;113;5,8
18-02-2022 15:00:00;11;79;2,7;150;7,6
18-02-2022 14:30:00;28;76;4,2;143;5,8
18-02-2022 14:00:00;43;79;4,2;137;4,7
18-02-2022 13:30:00;47;76;4,4;136;3,1
18-02-2022 13:00:00;54;74;4,5;165;2,9
18-02-2022 12:30:00;69;72;4,7;184;3,00
18-02-2022 12:00:00;103;73;4,6;194;3,2
18-02-2022 11:30:00;111;73;4,5;200;3,5
18-02-2022 11:00:00;107;73;4,6;211;3,9
18-02-2022 10:30:00;116;74;4,5;221;4,3
18-02-2022 10:00:00;124;74;4,4;229;5,2
18-02-2022 09:30:00;121;75;4,3;227;6,00
18-02-2022 09:00:00;109;75;4,1;228;5,2
18-02-2022 08:30:00;89;75;4,1;225;5,1
18-02-2022 08:00:00;31;78;3,9;226;5,1
18-02-2022 07:30:00;4;79;3,8;224;4,6
18-02-2022 07:00:00;0;78;3,8;225;4,4
18-02-2022 06:30:00;0;76;4,00;245;4,4
18-02-2022 06:00:00;0;77;3,8;245;4,5
18-02-2022 05:30:00;0;77;3,9;245;4,6
18-02-2022 05:00:00;0;78;4,1;245;5,8
18-02-2022 04:30:00;0;78;4,1;247;6,1
18-02-2022 04:00:00;0;78;4,00;241;5,6
18-02-2022 03:30:00;0;77;4,00;248;5,8
18-02-2022 03:00:00;0;76;4,1;248;5,3
18-02-2022 02:30:00;0;74;4,3;254;5,2
18-02-2022 02:00:00;0;76;4,6;251;5,8
18-02-2022 01:30:00;0;77;4,4;247;5,4
18-02-2022 01:00:00;0;78;4,3;250;5,4
18-02-2022 00:30:00;0;77;4,4;248;6,6
18-02-2022 00:00:00;0;77;4,5;249;5,6
17-02-2022 23:30:00;0;76;4,5;245;5,2
17-02-2022 23:00:00;0;74;4,4;250;5,1
17-02-2022 22:30:00;0;77;4,6;254;5,4
17-02-2022 22:00:00;0;79;4,6;250;5,5
17-02-2022 21:30:00;0;77;4,6;245;4,6
17-02-2022 21:00:00;0;76;4,4;245;4,00
17-02-2022 20:30:00;0;75;4,6;254;4,9
17-02-2022 20:00:00;0;76;4,6;255;5,2
17-02-2022 19:30:00;0;79;4,4;253;4,8
17-02-2022 19:00:00;0;79;4,3;253;5,00
17-02-2022 18:30:00;0;76;4,3;258;5,1
17-02-2022 18:00:00;0;77;4,5;261;5,5
17-02-2022 17:30:00;0;75;4,7;255;4,8
17-02-2022 17:00:00;8;76;4,8;260;5,1
17-02-2022 16:30:00;19;75;5,2;250;5,6
17-02-2022 16:00:00;21;74;5,4;260;6,00
17-02-2022 15:30:00;62;76;5,3;257;6,4
17-02-2022 15:00:00;89;72;5,4;264;5,8
17-02-2022 14:30:00;96;71;5,5;271;5,7
17-02-2022 14:00:00;153;70;5,4;274;6,8
17-02-2022 13:30:00;147;69;5,5;275;8,1
17-02-2022 13:00:00;123;68;5,9;275;7,2
17-02-2022 12:30:00;290;71;6,2;262;7,1
17-02-2022 12:00:00;180;77;5,4;258;6,1
17-02-2022 11:30:00;162;75;5,00;246;5,8
17-02-2022 11:00:00;123;73;4,5;244;4,8
17-02-2022 10:30:00;170;74;4,3;253;4,5
17-02-2022 10:00:00;220;76;4,00;264;3,8
17-02-2022 09:30:00;137;77;3,7;276;3,6
17-02-2022 09:00:00;74;80;3,5;282;3,3
17-02-2022 08:30:00;49;81;3,2;295;3,7
17-02-2022 08:00:00;26;81;2,9;312;4,1
17-02-2022 07:30:00;6;80;3,00;324;5,00
17-02-2022 07:00:00;0;83;3,2;333;5,00
17-02-2022 06:30:00;0;81;3,2;336;5,8
17-02-2022 06:00:00;0;79;3,5;334;4,7
17-02-2022 05:30:00;0;81;3,4;336;5,1
17-02-2022 05:00:00;0;85;3,2;329;4,5
17-02-2022 04:30:00;0;87;3,00;326;4,00
17-02-2022 04:00:00;0;88;2,9;319;3,4
17-02-2022 03:30:00;0;89;2,7;347;4,2
17-02-2022 03:00:00;0;91;2,6;356;4,7
17-02-2022 02:30:00;0;93;2,8;356;4,7
17-02-2022 02:00:00;0;93;3,5;353;4,3
17-02-2022 01:30:00;0;94;4,4;270;4,7
17-02-2022 01:00:00;0;93;4,2;249;4,6
17-02-2022 00:30:00;0;92;3,9;249;4,2
17-02-2022 00:00:00;0;91;3,9;259;4,00
16-02-2022 23:30:00;0;90;4,1;263;1,9
16-02-2022 23:00:00;0;89;4,1;227;2,2
16-02-2022 22:30:00;0;88;4,6;211;4,6
16-02-2022 22:00:00;0;89;5,6;200;4,3
16-02-2022 21:30:00;0;88;5,8;202;3,1
16-02-2022 21:00:00;0;89;5,7;212;4,00
16-02-2022 20:30:00;0;92;5,6;210;4,4
16-02-2022 20:00:00;0;96;4,9;216;3,2
16-02-2022 19:30:00;0;94;3,3;175;2,4
16-02-2022 19:00:00;0;93;3,00;154;1,5
16-02-2022 18:30:00;0;93;2,8;143;1,2
16-02-2022 18:00:00;0;92;2,7;120;2,3
16-02-2022 17:30:00;0;92;2,5;112;2,2
16-02-2022 17:00:00;1;92;2,2;101;4,4
16-02-2022 16:30:00;10;92;1,9;92;4,7
16-02-2022 16:00:00;20;91;1,5;92;4,00
16-02-2022 15:30:00;33;90;1,5;103;4,9
16-02-2022 15:00:00;42;89;1,8;103;5,1
16-02-2022 14:30:00;31;89;2,3;108;5,2
16-02-2022 14:00:00;44;88;2,8;112;5,7
16-02-2022 13:30:00;50;87;3,3;112;4,9
16-02-2022 13:00:00;39;87;3,7;115;4,4
16-02-2022 12:30:00;70;86;3,7;110;4,4
16-02-2022 12:00:00;63;85;3,8;123;4,5
16-02-2022 11:30:00;97;88;3,9;144;4,4
16-02-2022 11:00:00;62;89;3,8;151;4,6
16-02-2022 10:30:00;50;89;3,8;165;4,2
16-02-2022 10:00:00;61;90;3,4;174;4,00
16-02-2022 09:30:00;61;90;3,00;172;3,3
16-02-2022 09:00:00;38;90;2,6;174;3,2
16-02-2022 08:30:00;39;89;2,5;177;3,5
16-02-2022 08:00:00;36;89;2,7;179;3,1
16-02-2022 07:30:00;5;89;2,8;193;3,7
16-02-2022 07:00:00;0;88;2,8;189;3,8
16-02-2022 06:30:00;0;87;2,8;194;4,2
16-02-2022 06:00:00;0;88;2,6;198;4,3
16-02-2022 05:30:00;0;88;2,6;199;4,5
16-02-2022 05:00:00;0;88;2,7;205;3,8
16-02-2022 04:30:00;0;88;2,8;205;4,00
16-02-2022 04:00:00;0;88;3,00;208;5,1
16-02-2022 03:30:00;0;88;2,8;208;5,1
16-02-2022 03:00:00;0;87;2,5;205;4,4
16-02-2022 02:30:00;0;86;2,7;201;3,7
16-02-2022 02:00:00;0;85;3,1;201;3,3
16-02-2022 01:30:00;0;85;3,4;219;3,7
16-02-2022 01:00:00;0;85;3,6;233;4,8
16-02-2022 00:30:00;0;85;4,3;228;5,5
16-02-2022 00:00:00;0;87;4,4;213;4,4
15-02-2022 23:30:00;0;87;4,3;212;4,4
15-02-2022 23:00:00;0;88;4,2;202;4,7
15-02-2022 22:30:00;0;88;3,8;197;5,8
15-02-2022 22:00:00;0;87;3,6;197;6,00
15-02-2022 21:30:00;0;87;3,6;189;6,8
15-02-2022 21:00:00;0;85;3,8;179;6,7
15-02-2022 20:30:00;0;84;4,00;174;7,4
15-02-2022 20:00:00;0;82;4,3;173;6,8
15-02-2022 19:30:00;0;77;4,7;173;6,6
15-02-2022 19:00:00;0;71;5,2;176;7,00
15-02-2022 18:30:00;0;73;5,1;176;6,2
15-02-2022 18:00:00;0;75;5,00;171;5,4
15-02-2022 17:30:00;0;72;5,1;168;5,3
15-02-2022 17:00:00;3;69;5,3;178;4,7
15-02-2022 16:30:00;13;64;5,6;190;5,1
15-02-2022 16:00:00;37;60;5,7;193;4,4
15-02-2022 15:30:00;49;59;5,8;210;5,5
15-02-2022 15:00:00;67;57;6,1;221;6,4
15-02-2022 14:30:00;75;59;6,2;229;5,1
15-02-2022 14:00:00;122;57;6,3;234;6,7
15-02-2022 13:30:00;192;56;6,3;240;6,6
15-02-2022 13:00:00;177;58;6,3;239;6,9
15-02-2022 12:30:00;282;59;6,3;234;6,5
15-02-2022 12:00:00;162;54;6,2;233;6,2
15-02-2022 11:30:00;330;56;5,6;233;5,1
15-02-2022 11:00:00;78;57;5,1;242;5,1
15-02-2022 10:30:00;73;60;5,00;234;5,2
15-02-2022 10:00:00;87;65;4,9;235;5,4
15-02-2022 09:30:00;62;74;4,4;234;4,1
15-02-2022 09:00:00;31;72;4,4;246;4,9
15-02-2022 08:30:00;14;74;4,5;235;4,5
15-02-2022 08:00:00;8;80;4,2;240;5,8
15-02-2022 07:30:00;1;87;4,3;239;5,5
15-02-2022 07:00:00;0;89;4,4;244;5,3
15-02-2022 06:30:00;0;89;4,5;246;4,3
15-02-2022 06:00:00;0;89;4,7;251;4,2
15-02-2022 05:30:00;0;90;4,9;241;4,5
15-02-2022 05:00:00;0;89;4,8;229;4,3
15-02-2022 04:30:00;0;88;4,7;221;4,00
15-02-2022 04:00:00;0;87;5,00;222;4,5
15-02-2022 03:30:00;0;85;5,5;216;5,3
15-02-2022 03:00:00;0;83;5,9;194;5,8
15-02-2022 02:30:00;0;83;6,00;193;5,7
15-02-2022 02:00:00;0;82;6,00;201;4,7
15-02-2022 01:30:00;0;80;6,2;190;6,4
15-02-2022 01:00:00;0;82;6,00;191;5,4
15-02-2022 00:30:00;0;78;6,2;190;5,5
15-02-2022 00:00:00;0;76;6,3;190;5,4
14-02-2022 23:30:00;0;74;6,3;190;5,2
14-02-2022 23:00:00;0;70;6,6;192;6,3
14-02-2022 22:30:00;0;67;6,8;198;6,6
14-02-2022 22:00:00;0;67;6,8;199;6,6
14-02-2022 21:30:00;0;66;7,00;196;7,00
14-02-2022 21:00:00;0;65;7,1;204;8,1
14-02-2022 20:30:00;0;68;7,1;202;8,7
14-02-2022 20:00:00;0;68;7,1;199;6,9
14-02-2022 19:30:00;0;71;6,8;197;6,7
14-02-2022 19:00:00;0;75;6,8;197;6,7
14-02-2022 18:30:00;0;79;6,6;203;6,5
14-02-2022 18:00:00;0;69;7,4;204;8,1
14-02-2022 17:30:00;0;74;7,3;203;7,00
14-02-2022 17:00:00;1;72;7,6;204;7,3
14-02-2022 16:30:00;6;75;7,6;203;7,4
14-02-2022 16:00:00;23;76;7,7;208;7,00
14-02-2022 15:30:00;30;76;8,00;206;8,00
14-02-2022 15:00:00;53;81;8,00;197;7,1
14-02-2022 14:30:00;25;80;8,1;182;6,2
14-02-2022 14:00:00;58;81;8,1;172;6,2
14-02-2022 13:30:00;81;86;7,6;163;6,2
14-02-2022 13:00:00;110;89;7,4;162;5,8
14-02-2022 12:30:00;67;90;7,2;174;5,2
14-02-2022 12:00:00;53;90;7,2;180;5,4
14-02-2022 11:30:00;53;90;7,00;179;5,2
14-02-2022 11:00:00;30;90;6,9;181;5,1
14-02-2022 10:30:00;23;90;6,8;180;5,1
14-02-2022 10:00:00;25;91;6,8;184;5,00
14-02-2022 09:30:00;16;90;6,6;185;5,00
14-02-2022 09:00:00;12;90;6,4;184;5,00
14-02-2022 08:30:00;6;90;6,4;182;5,4
14-02-2022 08:00:00;2;90;6,3;185;5,2
14-02-2022 07:30:00;0;90;6,2;185;5,5
14-02-2022 07:00:00;0;90;6,1;187;5,6
14-02-2022 06:30:00;0;90;6,00;186;5,9
14-02-2022 06:00:00;0;90;5,9;185;5,7
14-02-2022 05:30:00;0;90;5,8;184;5,7
14-02-2022 05:00:00;0;90;5,5;182;5,5
14-02-2022 04:30:00;0;90;5,1;173;5,4
14-02-2022 04:00:00;0;90;4,9;174;5,3
14-02-2022 03:30:00;0;88;4,8;174;5,5
14-02-2022 03:00:00;0;87;4,6;173;5,6
14-02-2022 02:30:00;0;85;4,2;170;5,1
14-02-2022 02:00:00;0;82;3,8;162;5,2
14-02-2022 01:30:00;0;82;3,6;146;3,9
14-02-2022 01:00:00;0;81;3,5;142;3,5
14-02-2022 00:30:00;0;78;3,9;156;3,3
14-02-2022 00:00:00;0;71;4,3;176;3,3
13-02-2022 23:30:00;0;71;4,1;163;3,9
13-02-2022 23:00:00;0;73;3,9;166;4,00
13-02-2022 22:30:00;0;74;3,7;166;4,1
13-02-2022 22:00:00;0;76;3,5;170;4,2
13-02-2022 21:30:00;0;79;3,3;179;3,7
13-02-2022 21:00:00;0;83;3,2;184;4,2
13-02-2022 20:30:00;0;86;3,2;187;4,7
13-02-2022 20:00:00;0;89;3,2;195;5,00
13-02-2022 19:30:00;0;91;3,4;189;4,9
13-02-2022 19:00:00;0;91;3,5;184;5,2
13-02-2022 18:30:00;0;90;3,6;181;4,8
13-02-2022 18:00:00;0;90;3,8;181;4,7
13-02-2022 17:30:00;0;90;4,00;179;4,8
13-02-2022 17:00:00;0;90;4,2;178;4,8
13-02-2022 16:30:00;7;90;4,4;186;5,2
13-02-2022 16:00:00;17;90;4,6;192;5,2
13-02-2022 15:30:00;26;91;4,6;192;5,00
13-02-2022 15:00:00;29;91;4,7;190;5,3
13-02-2022 14:30:00;37;92;4,7;191;4,7
13-02-2022 14:00:00;44;91;4,7;190;5,1
13-02-2022 13:30:00;49;91;4,7;191;5,1
13-02-2022 13:00:00;43;91;4,6;186;5,2
13-02-2022 12:30:00;41;90;4,7;184;5,00
13-02-2022 12:00:00;42;89;4,8;188;5,1
13-02-2022 11:30:00;32;89;4,9;196;5,6
13-02-2022 11:00:00;30;88;5,1;197;4,6
13-02-2022 10:30:00;24;87;5,2;202;6,00
13-02-2022 10:00:00;23;88;5,2;201;5,9
13-02-2022 09:30:00;17;87;5,3;205;5,8
13-02-2022 09:00:00;15;88;5,2;201;6,3
13-02-2022 08:30:00;8;88;5,00;199;6,3
13-02-2022 08:00:00;2;89;4,8;200;6,1
13-02-2022 07:30:00;0;90;4,5;199;5,5
13-02-2022 07:00:00;0;90;4,3;200;5,9
13-02-2022 06:30:00;0;89;4,2;198;6,00
13-02-2022 06:00:00;0;89;4,00;195;6,00
13-02-2022 05:30:00;0;88;3,8;198;5,8
13-02-2022 05:00:00;0;87;3,5;201;6,5
13-02-2022 04:30:00;0;86;3,2;198;6,1
13-02-2022 04:00:00;0;86;3,00;194;6,5
13-02-2022 03:30:00;0;84;3,1;195;6,8
13-02-2022 03:00:00;0;80;3,3;199;6,8
13-02-2022 02:30:00;0;78;3,4;199;7,2
13-02-2022 02:00:00;0;76;3,5;202;7,1
13-02-2022 01:30:00;0;74;3,5;201;6,3
13-02-2022 01:00:00;0;71;3,4;202;6,9
13-02-2022 00:30:00;0;68;3,5;201;7,5
13-02-2022 00:00:00;0;65;3,7;198;7,00
02-12-2022 23:30;0;65;3,7;199;7,4
02-12-2022 23:00;0;65;3,8;200;7,5
02-12-2022 22:30;0;66;3,7;199;7,2
02-12-2022 22:00;0;68;3,5;195;7,2
02-12-2022 21:30;0;69;3,4;195;6,8
02-12-2022 21:00;0;71;3,4;196;6,4
02-12-2022 20:30;0;71;3,6;191;6,9
02-12-2022 20:00;0;69;4,00;194;7,00
02-12-2022 19:30;0;68;4,3;196;7,00
02-12-2022 19:00;0;69;4,4;197;7,4
02-12-2022 18:30;0;69;4,5;193;7,7
02-12-2022 18:00;0;70;4,6;196;7,2
02-12-2022 17:30;0;70;4,8;195;6,7
02-12-2022 17:00;1;69;4,9;194;5,8
02-12-2022 16:30;7;69;4,9;194;5,7
02-12-2022 16:00;24;69;4,9;193;5,5
02-12-2022 15:30;48;68;4,9;200;5,9
02-12-2022 15:00;63;68;4,8;201;6,4
02-12-2022 14:30;79;67;4,8;201;6,7
02-12-2022 14:00;75;66;4,7;202;6,6
02-12-2022 13:30;85;65;4,6;201;7,1
02-12-2022 13:00;114;64;4,7;202;7,5
02-12-2022 12:30;141;65;4,4;200;6,7
02-12-2022 12:00;123;65;4,2;199;7,5
02-12-2022 11:30;175;67;4,00;200;8,00
02-12-2022 11:00;165;69;3,6;202;7,4
02-12-2022 10:30;144;69;3,3;198;6,5
02-12-2022 10:00;97;70;2,9;193;6,00
02-12-2022 09:30;77;68;2,8;202;6,00
02-12-2022 09:00;47;68;2,5;199;6,1
02-12-2022 08:30;30;70;2,00;194;4,9
02-12-2022 08:00;10;70;2,00;194;5,1
02-12-2022 07:30;0;69;2,00;204;5,2
02-12-2022 07:00;0;72;1,5;206;5,00
02-12-2022 06:30;0;73;1,3;200;4,7
02-12-2022 06:00;0;72;1,6;205;4,6
02-12-2022 05:30;0;73;1,6;201;4,4
02-12-2022 05:00;0;73;1,6;202;4,1
02-12-2022 04:30;0;72;1,9;210;4,2
02-12-2022 04:00;0;72;2,00;209;4,6
02-12-2022 03:30;0;71;2,1;211;4,5
02-12-2022 03:00;0;70;2,5;224;4,8
02-12-2022 02:30;0;72;2,1;219;4,3
02-12-2022 02:00;0;74;1,5;200;3,3
02-12-2022 01:30;0;70;2,2;212;3,7
02-12-2022 01:00;0;69;2,4;232;4,8
02-12-2022 00:30;0;69;2,3;228;4,00
02-12-2022 00:00;0;71;1,8;224;3,7
02-11-2022 23:30;0;71;1,7;221;4,00
02-11-2022 23:00;0;70;1,6;228;4,00
02-11-2022 22:30;0;70;1,3;220;3,4
02-11-2022 22:00;0;70;0,9;204;2,8
02-11-2022 21:30;0;67;1,5;233;3,2
02-11-2022 21:00;0;67;1,3;239;3,5
02-11-2022 20:30;0;65;1,2;235;3,6
02-11-2022 20:00;0;65;0,9;245;3,6
02-11-2022 19:30;0;63;0,9;246;3,4
02-11-2022 19:00;0;58;1,3;253;2,5
02-11-2022 18:30;0;55;1,6;262;3,00
02-11-2022 18:00;0;56;1,7;267;2,8
02-11-2022 17:30;0;57;1,9;262;3,2
02-11-2022 17:00;2;54;2,3;270;3,00
02-11-2022 16:30;25;50;2,7;278;2,7
02-11-2022 16:00;72;49;3,00;284;2,8
02-11-2022 15:30;122;49;3,2;295;3,1
02-11-2022 15:00;172;47;3,2;307;4,4
02-11-2022 14:30;221;47;3,3;305;4,5
02-11-2022 14:00;262;46;3,3;316;5,4
02-11-2022 13:30;248;44;3,5;312;5,2
02-11-2022 13:00;309;43;3,4;311;5,3
02-11-2022 12:30;325;43;3,6;324;5,6
02-11-2022 12:00;321;43;3,5;332;5,7
02-11-2022 11:30;308;45;3,4;324;5,9
02-11-2022 11:00;284;48;3,4;320;5,2
02-11-2022 10:30;236;52;3,3;317;4,5
02-11-2022 10:00;213;54;2,9;311;4,3
02-11-2022 09:30;162;57;2,4;311;3,6
02-11-2022 09:00;101;62;1,9;312;3,3
02-11-2022 08:30;16;65;1,7;307;3,4
02-11-2022 08:00;6;66;1,9;307;3,2
02-11-2022 07:30;0;67;2,1;301;2,3
02-11-2022 07:00;0;70;2,00;296;2,6
02-11-2022 06:30;0;80;1,6;293;2,7
02-11-2022 06:00;0;88;1,4;280;2,00
02-11-2022 05:30;0;89;1,4;281;2,00
02-11-2022 05:00;0;90;1,3;258;2,6
02-11-2022 04:30;0;90;1,6;245;3,7
02-11-2022 04:00;0;90;1,3;239;3,3
02-11-2022 03:30;0;90;0,6;229;3,00
02-11-2022 03:00;0;89;0,3;203;2,7
02-11-2022 02:30;0;89;0,4;213;2,7
02-11-2022 02:00;0;88;0,4;210;2,6
02-11-2022 01:30;0;85;1,2;209;2,7
02-11-2022 01:00;0;85;1,8;226;3,4
02-11-2022 00:30;0;84;1,9;229;3,2
02-11-2022 00:00;0;84;1,9;228;3,2
02-10-2022 23:30;0;83;1,6;210;3,1
02-10-2022 23:00;0;84;1,9;222;3,6
02-10-2022 22:30;0;83;2,1;215;3,3
02-10-2022 22:00;0;81;2,3;222;3,3
02-10-2022 21:30;0;81;2,4;235;3,2
02-10-2022 21:00;0;80;2,3;226;3,2
02-10-2022 20:30;0;80;2,5;222;3,9
02-10-2022 20:00;0;77;2,8;229;3,8
02-10-2022 19:30;0;77;2,8;230;3,8
02-10-2022 19:00;0;78;3,00;232;4,00
02-10-2022 18:30;0;76;2,9;229;4,2
02-10-2022 18:00;0;73;2,9;239;3,9
02-10-2022 17:30;0;74;3,00;240;4,9
02-10-2022 17:00;1;71;3,8;246;5,9
02-10-2022 16:30;28;68;4,8;244;4,5
02-10-2022 16:00;57;66;5,2;242;4,8
02-10-2022 15:30;83;66;5,5;244;4,5
02-10-2022 15:00;199;66;5,7;238;4,00
02-10-2022 14:30;206;69;5,3;250;4,2
02-10-2022 14:00;116;75;4,6;250;4,3
02-10-2022 13:30;204;68;5,6;258;5,8
02-10-2022 13:00;244;70;5,1;239;4,1
02-10-2022 12:30;154;68;5,4;233;5,4
02-10-2022 12:00;336;68;5,6;239;4,4
02-10-2022 11:30;331;75;4,8;241;4,3
02-10-2022 11:00;140;77;4,5;231;4,00
02-10-2022 10:30;119;75;4,5;225;4,9
02-10-2022 10:00;161;77;3,8;223;4,5
02-10-2022 09:30;75;79;3,4;203;3,8
02-10-2022 09:00;70;77;3,5;215;3,5
02-10-2022 08:30;25;79;3,1;223;3,9
02-10-2022 08:00;7;81;2,8;208;3,6
02-10-2022 07:30;0;81;2,7;208;3,7
02-10-2022 07:00;0;80;2,8;205;3,7
02-10-2022 06:30;0;78;3,2;213;3,8
02-10-2022 06:00;0;77;3,3;221;4,00
02-10-2022 05:30;0;74;3,3;226;4,6
02-10-2022 05:00;0;76;3,7;222;4,00
02-10-2022 04:30;0;76;3,7;219;4,00
02-10-2022 04:00;0;75;4,00;230;5,1
02-10-2022 03:30;0;75;4,1;225;4,3
02-10-2022 03:00;0;73;4,3;235;4,8
02-10-2022 02:30;0;76;4,2;224;4,5
02-10-2022 02:00;0;76;4,1;225;4,2
02-10-2022 01:30;0;74;4,1;230;4,5
02-10-2022 01:00;0;72;4,1;232;4,2
02-10-2022 00:30;0;71;4,1;233;4,00
02-10-2022 00:00;0;71;4,2;235;3,8
02-09-2022 23:30;0;71;4,1;233;4,2
02-09-2022 23:00;0;70;4,2;233;4,1
02-09-2022 22:30;0;71;4,1;236;4,4
02-09-2022 22:00;0;69;4,2;244;4,3
02-09-2022 21:30;0;69;4,4;243;5,2
02-09-2022 21:00;0;71;4,5;243;5,00
02-09-2022 20:30;0;72;4,3;239;4,7
02-09-2022 20:00;0;74;4,1;228;4,8
02-09-2022 19:30;0;74;4,3;237;4,6
02-09-2022 19:00;0;75;4,3;237;4,7
02-09-2022 18:30;0;75;4,2;232;4,2
02-09-2022 18:00;0;75;4,4;233;4,9
02-09-2022 17:30;0;78;4,1;229;4,3
02-09-2022 17:00;1;74;4,4;236;4,3
02-09-2022 16:30;14;74;5,00;244;5,8
02-09-2022 16:00;55;73;5,3;243;5,5
02-09-2022 15:30;108;71;5,4;246;5,5
02-09-2022 15:00;97;77;4,9;245;5,5
02-09-2022 14:30;82;79;4,7;256;6,2
02-09-2022 14:00;36;79;4,9;282;5,5
02-09-2022 13:30;162;70;7,3;261;8,00
02-09-2022 13:00;132;71;7,6;246;7,6
02-09-2022 12:30;163;71;7,6;246;7,3
02-09-2022 12:00;170;72;7,6;247;7,5
02-09-2022 11:30;190;74;7,4;245;7,2
02-09-2022 11:00;120;76;7,4;241;6,1
02-09-2022 10:30;170;79;7,4;241;6,3
02-09-2022 10:00;130;81;7,1;238;6,4
02-09-2022 09:30;76;84;6,8;235;6,2
02-09-2022 09:00;30;86;6,5;229;5,8
02-09-2022 08:30;20;84;6,2;222;5,1
02-09-2022 08:00;7;84;6,00;219;5,6
02-09-2022 07:30;0;85;5,7;224;5,5
02-09-2022 07:00;0;86;5,4;225;5,00
02-09-2022 06:30;0;86;5,3;226;5,7
02-09-2022 06:00;0;88;4,9;222;5,2
02-09-2022 05:30;0;88;4,6;216;4,2
02-09-2022 05:00;0;87;4,7;215;4,8
02-09-2022 04:30;0;88;4,8;211;4,9
02-09-2022 04:00;0;88;4,4;206;4,7
02-09-2022 03:30;0;88;4,2;202;4,00
02-09-2022 03:00;0;87;4,3;199;3,3
02-09-2022 02:30;0;87;4,4;204;3,8
02-09-2022 02:00;0;86;4,6;206;3,6
02-09-2022 01:30;0;87;4,7;217;3,9
02-09-2022 01:00;0;87;4,8;219;4,2
02-09-2022 00:30;0;87;4,8;220;4,3
02-09-2022 00:00;0;88;4,4;214;4,00
02-08-2022 23:30;0;88;4,2;210;4,00
02-08-2022 23:00;0;88;3,8;208;3,8
02-08-2022 22:30;0;87;3,7;201;3,7
02-08-2022 22:00;0;85;4,3;215;3,3
02-08-2022 21:30;0;82;4,2;228;3,4
02-08-2022 21:00;0;80;4,2;229;4,2
02-08-2022 20:30;0;80;4,2;231;3,8
02-08-2022 20:00;0;80;4,3;240;3,6
02-08-2022 19:30;0;79;4,4;243;3,6
02-08-2022 19:00;0;76;4,9;260;4,3
02-08-2022 18:30;0;77;5,3;265;5,3
02-08-2022 18:00;0;78;5,6;254;4,9
02-08-2022 17:30;0;75;5,6;243;4,3
02-08-2022 17:00;1;72;5,8;242;4,2
02-08-2022 16:30;16;69;6,4;251;4,8
02-08-2022 16:00;46;68;6,8;256;4,7
02-08-2022 15:30;42;66;7,00;265;5,4
02-08-2022 15:00;47;64;7,3;269;6,00
02-08-2022 14:30;144;63;7,6;270;6,3
02-08-2022 14:00;179;63;7,6;272;6,7
02-08-2022 13:30;188;64;7,5;273;6,4
02-08-2022 13:00;161;66;7,5;273;7,2
02-08-2022 12:30;164;71;7,7;266;6,4
02-08-2022 12:00;111;71;7,5;270;6,6
02-08-2022 11:30;130;69;7,6;272;6,2
02-08-2022 11:00;161;69;7,4;272;6,5
02-08-2022 10:30;163;72;7,5;262;6,3
02-08-2022 10:00;176;76;7,3;263;5,6
02-08-2022 09:30;112;77;7,1;261;5,5
02-08-2022 09:00;90;81;6,8;255;4,8
02-08-2022 08:30;32;84;6,7;249;5,00
02-08-2022 08:00;4;86;6,7;244;5,2
02-08-2022 07:30;0;87;6,6;240;3,9
02-08-2022 07:00;0;88;6,6;251;4,7
02-08-2022 06:30;0;91;6,9;250;4,9
02-08-2022 06:00;0;92;7,00;252;6,2
02-08-2022 05:30;0;92;7,1;245;6,9
02-08-2022 05:00;0;91;6,9;235;6,4
02-08-2022 04:30;0;91;6,6;223;6,6
02-08-2022 04:00;0;91;6,1;218;6,1
02-08-2022 03:30;0;91;5,5;212;6,2
02-08-2022 03:00;0;90;5,1;213;6,00
02-08-2022 02:30;0;90;4,7;212;5,9
02-08-2022 02:00;0;89;4,3;208;5,7
02-08-2022 01:30;0;85;4,5;208;5,5
02-08-2022 01:00;0;81;4,7;211;5,9
02-08-2022 00:30;0;79;4,7;210;5,9
02-08-2022 00:00;0;78;4,7;213;5,00
02-07-2022 23:30;0;79;4,4;220;5,3
02-07-2022 23:00;0;79;3,5;209;4,5
02-07-2022 22:30;0;77;3,3;203;3,7
02-07-2022 22:00;0;76;3,5;195;3,2
02-07-2022 21:30;0;73;3,9;218;3,9
02-07-2022 21:00;0;76;3,8;235;4,1
02-07-2022 20:30;0;76;3,9;241;3,8
02-07-2022 20:00;0;78;4,2;249;3,8
02-07-2022 19:30;0;77;4,7;250;3,9
02-07-2022 19:00;0;77;5,2;262;4,6
02-07-2022 18:30;0;79;5,2;265;4,7
02-07-2022 18:00;0;81;5,00;272;4,6
02-07-2022 17:30;0;82;4,7;267;4,4
02-07-2022 17:00;0;79;4,8;260;3,4
02-07-2022 16:30;12;76;5,1;275;4,1
02-07-2022 16:00;22;71;5,4;283;3,7
02-07-2022 15:30;93;68;5,8;284;4,00
02-07-2022 15:00;143;69;5,9;287;5,2
02-07-2022 14:30;188;68;6,1;288;5,3
02-07-2022 14:00;228;67;6,1;286;5,5
02-07-2022 13:30;258;66;6,00;281;6,3
02-07-2022 13:00;272;67;6,00;282;6,4
02-07-2022 12:30;287;66;5,9;283;6,5
02-07-2022 12:00;287;69;5,6;281;7,5
02-07-2022 11:30;252;69;5,5;279;7,4
02-07-2022 11:00;213;69;5,1;284;6,6
02-07-2022 10:30;213;65;5,00;279;7,6
02-07-2022 10:00;171;62;4,6;283;5,9
02-07-2022 09:30;131;62;4,1;281;5,9
02-07-2022 09:00;84;60;4,00;275;6,00
02-07-2022 08:30;38;61;3,8;278;5,8
02-07-2022 08:00;8;61;3,7;278;5,8
02-07-2022 07:30;0;59;3,8;275;3,9
02-07-2022 07:00;0;59;3,9;284;5,9
02-07-2022 06:30;0;61;3,8;281;5,6
02-07-2022 06:00;0;63;3,8;284;4,9
02-07-2022 05:30;0;61;3,8;284;5,4
02-07-2022 05:00;0;64;3,6;286;4,6
02-07-2022 04:30;0;66;3,4;290;3,7
02-07-2022 04:00;0;66;3,4;291;4,8
02-07-2022 03:30;0;69;3,3;291;4,2
02-07-2022 03:00;0;70;3,4;286;4,00
02-07-2022 02:30;0;72;3,6;279;5,2
02-07-2022 02:00;0;72;3,3;278;4,9
02-07-2022 01:30;0;72;3,00;273;4,3
02-07-2022 01:00;0;71;2,8;267;4,00
02-07-2022 00:30;0;72;2,6;270;3,8
02-07-2022 00:00;0;74;2,4;269;3,7
02-06-2022 23:30;0;79;1,9;265;3,9
02-06-2022 23:00;0;81;1,7;256;3,9
02-06-2022 22:30;0;84;1,6;253;4,2
02-06-2022 22:00;0;85;1,5;252;4,2
02-06-2022 21:30;0;87;1,3;255;4,00
02-06-2022 21:00;0;88;0,9;235;3,6
02-06-2022 20:30;0;89;0,8;231;3,5
02-06-2022 20:00;0;89;0,8;235;4,1
02-06-2022 19:30;0;89;0,8;232;3,6
02-06-2022 19:00;0;90;0,7;231;3,4
02-06-2022 18:30;0;90;0,6;226;3,4
02-06-2022 18:00;0;90;0,7;227;2,9
02-06-2022 17:30;0;87;1,1;238;4,00
02-06-2022 17:00;0;86;1,5;239;3,8
02-06-2022 16:30;8;84;1,8;237;3,7
02-06-2022 16:00;19;85;1,7;239;3,4
02-06-2022 15:30;31;85;1,6;257;3,1
02-06-2022 15:00;69;88;1,6;242;3,3
02-06-2022 14:30;97;89;1,4;276;3,4
02-06-2022 14:00;48;85;1,9;297;3,6
02-06-2022 13:30;67;80;3,2;311;3,00
02-06-2022 13:00;53;77;4,2;261;2,9
02-06-2022 12:30;277;79;4,2;204;4,2
02-06-2022 12:00;362;83;3,5;207;4,1
02-06-2022 11:30;298;89;2,5;204;3,5
02-06-2022 11:00;159;90;1,6;206;2,9
02-06-2022 10:30;72;88;1,3;244;3,7
02-06-2022 10:00;18;81;2,5;253;5,2
02-06-2022 09:30;36;85;2,8;227;4,3
02-06-2022 09:00;46;87;2,6;215;3,8
02-06-2022 08:30;43;88;2,00;211;3,3
02-06-2022 08:00;4;86;2,00;237;3,00
02-06-2022 07:30;0;84;2,4;223;3,00
02-06-2022 07:00;0;82;2,9;241;4,3
02-06-2022 06:30;0;80;2,9;222;4,2
02-06-2022 06:00;0;80;2,7;229;4,2
02-06-2022 05:30;0;78;2,9;222;4,1
02-06-2022 05:00;0;78;3,2;224;4,3
02-06-2022 04:30;0;80;3,5;225;4,5
02-06-2022 04:00;0;80;3,6;224;4,4
02-06-2022 03:30;0;78;3,8;234;4,5
02-06-2022 03:00;0;77;4,00;233;4,9
02-06-2022 02:30;0;78;4,00;233;5,7
02-06-2022 02:00;0;81;4,00;232;5,4
02-06-2022 01:30;0;81;4,1;231;4,9
02-06-2022 01:00;0;82;4,2;234;4,5
02-06-2022 00:30;0;82;4,4;254;4,7
02-06-2022 00:00;0;85;5,7;257;6,6
02-05-2022 23:30;0;86;6,4;236;6,9
02-05-2022 23:00;0;88;6,3;230;7,4
02-05-2022 22:30;0;89;6,00;223;5,7
02-05-2022 22:00;0;89;5,6;219;5,9
02-05-2022 21:30;0;89;5,1;207;6,2
02-05-2022 21:00;0;88;4,8;209;6,7
02-05-2022 20:30;0;87;4,8;209;7,3
02-05-2022 20:00;0;87;4,8;213;7,9
02-05-2022 19:30;0;87;4,7;213;7,2
02-05-2022 19:00;0;87;4,6;209;7,1
02-05-2022 18:30;0;86;4,5;208;6,8
02-05-2022 18:00;0;84;4,6;208;6,5
02-05-2022 17:30;0;81;4,8;205;6,00
02-05-2022 17:00;0;77;5,00;214;6,1
02-05-2022 16:30;5;74;5,2;221;6,3
02-05-2022 16:00;26;72;5,3;223;5,9
02-05-2022 15:30;86;68;5,5;228;6,00
02-05-2022 15:00;104;66;5,7;229;6,6
02-05-2022 14:30;116;66;5,5;232;6,6
02-05-2022 14:00;135;63;5,7;240;6,2
02-05-2022 13:30;173;65;5,6;239;6,00
02-05-2022 13:00;188;68;5,6;242;6,5
02-05-2022 12:30;236;71;5,2;239;5,4
02-05-2022 12:00;288;77;3,9;244;4,7
02-05-2022 11:30;66;79;3,3;242;6,2
02-05-2022 11:00;139;78;4,00;243;6,6
02-05-2022 10:30;145;83;3,6;236;4,7
02-05-2022 10:00;102;86;3,00;229;4,5
02-05-2022 09:30;38;84;3,00;251;4,8
02-05-2022 09:00;72;82;3,7;238;5,2
02-05-2022 08:30;31;82;3,2;226;5,2
02-05-2022 08:00;5;82;3,00;226;4,4
02-05-2022 07:30;0;81;3,00;231;4,4
02-05-2022 07:00;0;81;3,1;231;4,4
02-05-2022 06:30;0;82;3,00;233;3,5
02-05-2022 06:00;0;82;3,00;243;3,5
02-05-2022 05:30;0;81;3,3;243;4,8
02-05-2022 05:00;0;80;3,3;244;4,2
02-05-2022 04:30;0;79;3,2;248;4,1
02-05-2022 04:00;0;78;2,9;252;4,00
02-05-2022 03:30;0;80;2,4;229;3,8
02-05-2022 03:00;0;80;2,4;225;4,00
02-05-2022 02:30;0;78;2,4;231;5,1
02-05-2022 02:00;0;78;2,3;235;4,7
02-05-2022 01:30;0;80;2,4;236;4,8
02-05-2022 01:00;0;81;2,3;224;4,2
02-05-2022 00:30;0;82;2,2;229;4,3
02-05-2022 00:00;0;83;1,9;208;3,8
02-04-2022 23:30;0;81;2,1;219;4,00
02-04-2022 23:00;0;81;2,2;247;3,4
02-04-2022 22:30;0;84;2,3;244;4,5
02-04-2022 22:00;0;86;2,2;236;3,00
02-04-2022 21:30;0;84;2,5;259;4,00
02-04-2022 21:00;0;80;2,6;243;3,7
02-04-2022 20:30;0;78;2,8;243;3,1
02-04-2022 20:00;0;81;2,9;239;4,1
02-04-2022 19:30;0;81;3,00;237;1,9
02-04-2022 19:00;0;79;3,2;236;2,5
02-04-2022 18:30;0;83;3,1;229;3,3
02-04-2022 18:00;0;84;3,1;223;2,8
02-04-2022 17:30;0;85;3,2;226;2,6
02-04-2022 17:00;0;86;3,1;224;3,1
02-04-2022 16:30;3;86;2,9;222;3,00
02-04-2022 16:00;14;87;2,9;217;2,9
02-04-2022 15:30;21;87;3,00;219;3,7
02-04-2022 15:00;26;88;3,2;231;2,8
02-04-2022 14:30;39;89;3,2;236;3,00
02-04-2022 14:00;44;88;3,00;247;3,5
02-04-2022 13:30;48;87;3,3;263;4,00
02-04-2022 13:00;58;86;3,7;260;4,4
02-04-2022 12:30;68;84;4,4;247;3,8
02-04-2022 12:00;68;84;4,6;250;3,4
02-04-2022 11:30;62;83;4,9;238;2,9
02-04-2022 11:00;85;87;4,8;210;3,3
02-04-2022 10:30;67;88;4,7;219;3,1
02-04-2022 10:00;29;88;4,8;257;3,7
02-04-2022 09:30;20;89;5,3;267;3,8
02-04-2022 09:00;8;89;6,4;252;5,4
02-04-2022 08:30;3;91;6,9;221;5,1
02-04-2022 08:00;0;91;6,9;212;4,8
02-04-2022 07:30;0;91;6,9;203;5,3
02-04-2022 07:00;0;89;7,00;202;5,6
02-04-2022 06:30;0;88;7,00;202;5,9
02-04-2022 06:00;0;86;7,1;199;6,2
02-04-2022 05:30;0;86;7,00;198;6,00
02-04-2022 05:00;0;87;6,9;193;5,7
02-04-2022 04:30;0;87;6,7;191;5,3
02-04-2022 04:00;0;87;6,6;191;5,8
02-04-2022 03:30;0;87;6,6;199;5,2
02-04-2022 03:00;0;87;6,5;188;5,5
02-04-2022 02:30;0;88;6,5;188;5,2
02-04-2022 02:00;0;88;6,4;196;5,1
02-04-2022 01:30;0;88;6,5;198;4,4
02-04-2022 01:00;0;88;6,5;201;4,2
02-04-2022 00:30;0;89;6,5;199;3,8
02-04-2022 00:00;0;89;6,6;207;4,3
02-03-2022 23:30;0;91;6,6;209;4,7
02-03-2022 23:00;0;93;6,5;199;4,00
02-03-2022 22:30;0;94;6,4;207;4,4
02-03-2022 22:00;0;94;6,4;214;3,9
02-03-2022 21:30;0;94;6,4;221;3,8
02-03-2022 21:00;0;94;6,5;217;3,7
02-03-2022 20:30;0;94;6,6;224;4,1
02-03-2022 20:00;0;94;6,7;226;3,8
02-03-2022 19:30;0;94;6,7;224;4,1
02-03-2022 19:00;0;94;6,7;224;3,8
02-03-2022 18:30;0;94;6,7;226;4,00
02-03-2022 18:00;0;94;6,8;223;4,1
02-03-2022 17:30;0;93;6,8;225;3,7
02-03-2022 17:00;0;93;6,9;225;4,1
02-03-2022 16:30;1;93;7,00;226;4,3
02-03-2022 16:00;8;93;7,1;228;4,4
02-03-2022 15:30;10;92;7,2;231;4,4
02-03-2022 15:00;23;92;7,2;232;4,3
02-03-2022 14:30;35;92;7,3;231;4,4
02-03-2022 14:00;47;92;7,3;230;4,6
02-03-2022 13:30;102;92;7,3;228;4,3
02-03-2022 13:00;57;93;7,1;226;3,8
02-03-2022 12:30;49;94;6,9;220;3,8
02-03-2022 12:00;49;95;6,7;213;3,7
02-03-2022 11:30;44;94;5,9;189;3,00
02-03-2022 11:00;31;93;5,5;179;3,1
02-03-2022 10:30;26;93;5,3;175;2,5
02-03-2022 10:00;23;93;5,00;165;3,5
02-03-2022 09:30;14;93;4,8;157;4,00
02-03-2022 09:00;9;93;4,8;152;3,9
02-03-2022 08:30;3;93;4,8;154;3,5
02-03-2022 08:00;1;93;4,7;154;2,9
02-03-2022 07:30;0;93;4,6;157;3,2
02-03-2022 07:00;0;93;4,6;160;2,9
02-03-2022 06:30;0;93;4,6;167;2,7
02-03-2022 06:00;0;92;4,4;173;2,8
02-03-2022 05:30;0;91;4,1;179;2,2
02-03-2022 05:00;0;91;3,8;192;2,5
02-03-2022 04:30;0;90;3,6;194;2,6
02-03-2022 04:00;0;90;3,4;191;2,3
02-03-2022 03:30;0;88;3,5;192;2,1
02-03-2022 03:00;0;88;3,5;223;2,7
02-03-2022 02:30;0;89;3,4;233;2,3
02-03-2022 02:00;0;89;3,3;217;2,1
02-03-2022 01:30;0;88;3,6;242;2,8
02-03-2022 01:00;0;88;3,7;242;3,2
02-03-2022 00:30;0;87;3,7;239;3,00
02-03-2022 00:00;0;85;4,00;244;3,1
02-02-2022 23:30;0;86;3,7;250;4,2
02-02-2022 23:00;0;87;3,3;228;3,4
02-02-2022 22:30;0;87;3,1;228;4,00
02-02-2022 22:00;0;86;2,9;224;3,9
02-02-2022 21:30;0;84;2,9;223;4,6
02-02-2022 21:00;0;80;2,9;205;3,7
02-02-2022 20:30;0;78;3,00;215;3,1
02-02-2022 20:00;0;75;3,2;231;3,1
02-02-2022 19:30;0;71;3,3;227;2,9
02-02-2022 19:00;0;69;3,6;242;2,2
02-02-2022 18:30;0;68;3,8;253;3,00
02-02-2022 18:00;0;65;3,9;272;3,4
02-02-2022 17:30;0;63;3,5;276;3,3
02-02-2022 17:00;0;59;3,4;278;3,5
02-02-2022 16:30;4;57;3,6;278;3,1
02-02-2022 16:00;17;53;3,8;284;3,8
02-02-2022 15:30;53;53;4,2;294;4,1
02-02-2022 15:00;106;53;4,3;300;4,5
02-02-2022 14:30;170;53;4,5;296;4,5
02-02-2022 14:00;205;54;4,7;296;4,6
02-02-2022 13:30;142;55;4,2;296;4,6
02-02-2022 13:00;145;62;4,1;272;4,7
02-02-2022 12:30;273;68;3,8;258;3,5
02-02-2022 12:00;262;68;3,2;257;3,2
02-02-2022 11:30;241;66;2,7;268;2,7
02-02-2022 11:00;208;68;2,3;278;2,00
02-02-2022 10:30;154;71;1,8;301;1,6
02-02-2022 10:00;119;72;1,5;280;2,00
02-02-2022 09:30;114;74;1,1;303;2,1
02-02-2022 09:00;66;78;0,7;309;2,8
02-02-2022 08:30;24;81;0,6;300;2,9
02-02-2022 08:00;2;84;0,7;313;3,3
02-02-2022 07:30;0;85;1,1;321;3,4
02-02-2022 07:00;0;84;1,5;336;4,6
02-02-2022 06:30;0;84;1,8;328;3,9
02-02-2022 06:00;0;84;2,00;337;4,4
02-02-2022 05:30;0;83;2,5;351;6,7
02-02-2022 05:00;0;81;3,5;334;5,2
02-02-2022 04:30;0;78;3,00;313;5,9
02-02-2022 04:00;0;75;3,4;320;7,1
02-02-2022 03:30;0;67;4,8;313;7,6
02-02-2022 03:00;0;61;5,5;298;5,9
02-02-2022 02:30;0;61;5,6;296;6,1
02-02-2022 02:00;0;64;5,6;287;5,4
02-02-2022 01:30;0;70;5,6;281;5,2
02-02-2022 01:00;0;72;5,6;279;5,2
02-02-2022 00:30;0;72;5,6;272;5,8
02-02-2022 00:00;0;73;5,3;269;4,6
02-01-2022 23:30;0;74;5,2;266;4,5
02-01-2022 23:00;0;76;5,3;270;4,2
02-01-2022 22:30;0;80;5,2;272;4,00
02-01-2022 22:00;0;85;4,3;258;4,2
02-01-2022 21:30;0;85;3,5;259;3,3
02-01-2022 21:00;0;85;3,3;265;2,3
02-01-2022 20:30;0;85;3,3;270;2,5
02-01-2022 20:00;0;84;3,4;268;2,8
02-01-2022 19:30;0;83;3,6;274;3,2
02-01-2022 19:00;0;81;3,9;277;3,6
02-01-2022 18:30;0;81;4,00;275;4,4
02-01-2022 18:00;0;83;3,8;289;3,4
02-01-2022 17:30;0;83;4,2;294;4,5
02-01-2022 17:00;0;81;5,4;303;5,3
02-01-2022 16:30;6;78;6,4;278;7,2
02-01-2022 16:00;13;78;6,7;272;6,5
02-01-2022 15:30;23;77;6,7;273;6,6
02-01-2022 15:00;71;78;6,9;272;7,7
02-01-2022 14:30;62;80;6,8;272;7,00
02-01-2022 14:00;51;83;6,5;269;6,8
02-01-2022 13:30;41;86;6,3;261;6,6
02-01-2022 13:00;48;89;5,9;256;5,7
02-01-2022 12:30;88;95;4,6;237;4,5
02-01-2022 12:00;35;93;2,4;202;4,2
02-01-2022 11:30;37;92;1,1;166;3,5
02-01-2022 11:00;39;92;0,7;156;3,8
02-01-2022 10:30;32;92;0,6;155;3,8
02-01-2022 10:00;21;92;0,8;166;3,6
02-01-2022 09:30;13;91;0,7;171;3,8
02-01-2022 09:00;7;91;0,6;172;3,5
02-01-2022 08:30;3;90;0,5;176;2,5
02-01-2022 08:00;0;88;1,00;181;2,1
02-01-2022 07:30;0;86;1,5;209;2,00
02-01-2022 07:00;0;83;1,8;242;2,2
02-01-2022 06:30;0;81;1,9;262;2,00
02-01-2022 06:00;0;74;2,2;264;3,5
02-01-2022 05:30;0;64;2,6;264;3,00
02-01-2022 05:00;0;61;2,7;282;3,9
02-01-2022 04:30;0;60;2,6;281;4,1
02-01-2022 04:00;0;58;2,7;282;4,7
02-01-2022 03:30;0;56;2,8;279;5,1
02-01-2022 03:00;0;54;2,7;274;4,6
02-01-2022 02:30;0;52;2,5;279;4,1
02-01-2022 02:00;0;53;2,5;282;3,7
02-01-2022 01:30;0;56;2,5;279;4,1
02-01-2022 01:00;0;64;2,3;279;3,6
02-01-2022 00:30;0;74;2,2;280;3,3
02-01-2022 00:00;0;83;2,2;260;3,9
31-01-2022 23:30:00;0;87;1,9;241;4,00
31-01-2022 23:00:00;0;88;1,7;224;3,7
31-01-2022 22:30:00;0;88;1,5;215;3,7
31-01-2022 22:00:00;0;87;1,4;210;4,1
31-01-2022 21:30:00;0;87;1,2;214;3,3
31-01-2022 21:00:00;0;85;1,3;223;2,6
31-01-2022 20:30:00;0;81;1,4;230;2,7
31-01-2022 20:00:00;0;77;1,6;234;2,3
31-01-2022 19:30:00;0;71;1,9;244;2,5
31-01-2022 19:00:00;0;65;1,7;246;2,2
31-01-2022 18:30:00;0;65;1,9;240;1,9
31-01-2022 18:00:00;0;63;2,00;260;1,7
31-01-2022 17:30:00;0;60;2,00;284;1,7
31-01-2022 17:00:00;0;59;2,1;307;1,4
31-01-2022 16:30:00;3;58;2,2;338;2,2
31-01-2022 16:00:00;40;58;2,4;348;2,5
31-01-2022 15:30:00;38;59;2,6;334;2,6
31-01-2022 15:00:00;72;60;2,7;349;2,7
31-01-2022 14:30:00;56;59;3,00;354;2,5
31-01-2022 14:00:00;128;61;3,00;11;1,1
31-01-2022 13:30:00;197;63;2,8;3;1,5
31-01-2022 13:00:00;262;66;2,9;44;1,8
31-01-2022 12:30:00;218;68;2,7;82;1,6
31-01-2022 12:00:00;242;67;2,6;72;3,3
31-01-2022 11:30:00;130;67;2,4;57;2,6
31-01-2022 11:00:00;100;68;2,3;47;2,9
31-01-2022 10:30:00;128;71;2,00;50;2,7
31-01-2022 10:00:00;95;74;1,5;52;2,4
31-01-2022 09:30:00;62;77;1,2;52;2,3
31-01-2022 09:00:00;37;81;1,00;46;2,3
31-01-2022 08:30:00;11;83;0,9;48;1,5
31-01-2022 08:00:00;1;84;0,8;59;2,00
31-01-2022 07:30:00;0;83;0,9;71;2,3
31-01-2022 07:00:00;0;84;0,7;90;2,5
31-01-2022 06:30:00;0;84;0,5;101;2,4
31-01-2022 06:00:00;0;84;0,1;99;2,2
31-01-2022 05:30:00;0;83;0,2;100;2,3
31-01-2022 05:00:00;0;83;0,2;108;1,8
31-01-2022 04:30:00;0;82;0,5;83;2,8
31-01-2022 04:00:00;0;81;0,9;78;2,1
31-01-2022 03:30:00;0;81;0,7;174;1,00
31-01-2022 03:00:00;0;81;0,6;167;1,4
31-01-2022 02:30:00;0;81;0,5;183;1,9
31-01-2022 02:00:00;0;81;0,4;184;2,1
31-01-2022 01:30:00;0;81;0,1;175;2,1
31-01-2022 01:00:00;0;81;0,00;189;2,00
31-01-2022 00:30:00;0;80;0,1;180;1,5
31-01-2022 00:00:00;0;80;0,00;189;1,9
30-01-2022 23:30:00;0;79;0,1;187;2,1
30-01-2022 23:00:00;0;78;0,1;193;2,3
30-01-2022 22:30:00;0;78;-0,1;191;1,8
30-01-2022 22:00:00;0;77;-0,3;185;2,4
30-01-2022 21:30:00;0;75;-0,1;174;3,00
30-01-2022 21:00:00;0;71;0,5;177;1,8
30-01-2022 20:30:00;0;69;0,9;207;1,5
30-01-2022 20:00:00;0;68;1,3;247;1,8
30-01-2022 19:30:00;0;66;1,7;239;1,7
30-01-2022 19:00:00;0;65;2,2;255;2,2
30-01-2022 18:30:00;0;60;2,9;262;2,1
30-01-2022 18:00:00;0;57;3,00;286;2,3
30-01-2022 17:30:00;0;54;3,3;288;2,4
30-01-2022 17:00:00;0;52;3,7;287;2,7
30-01-2022 16:30:00;1;51;4,2;283;2,9
30-01-2022 16:00:00;18;47;4,7;281;3,5
30-01-2022 15:30:00;62;43;5,1;298;3,9
30-01-2022 15:00:00;97;41;5,5;303;4,1
30-01-2022 14:30:00;158;40;5,7;302;5,3
30-01-2022 14:00:00;197;39;5,9;302;5,3
30-01-2022 13:30:00;226;38;5,9;310;6,7
30-01-2022 13:00:00;245;40;6,00;305;6,6
30-01-2022 12:30:00;254;41;6,00;306;7,9
30-01-2022 12:00:00;254;42;6,00;310;7,2
30-01-2022 11:30:00;240;43;6,1;309;7,7
30-01-2022 11:00:00;217;44;6,1;307;8,3
30-01-2022 10:30:00;185;45;6,1;308;8,1
30-01-2022 10:00:00;147;46;6,1;308;8,2
30-01-2022 09:30:00;103;47;6,1;302;7,4
30-01-2022 09:00:00;57;48;6,1;303;7,3
30-01-2022 08:30:00;18;51;6,00;303;7,9
30-01-2022 08:00:00;1;51;6,1;301;7,7
30-01-2022 07:30:00;0;51;6,2;303;7,7
30-01-2022 07:00:00;0;51;6,2;303;7,9
30-01-2022 06:30:00;0;50;6,3;302;9,3
30-01-2022 06:00:00;0;54;6,1;298;8,7
30-01-2022 05:30:00;0;54;6,3;298;9,00
30-01-2022 05:00:00;0;53;6,4;297;9,2
30-01-2022 04:30:00;0;52;6,5;296;10,6
30-01-2022 04:00:00;0;54;6,5;295;10,2
30-01-2022 03:30:00;0;53;6,6;296;11,2
30-01-2022 03:00:00;0;55;6,5;295;10,2
30-01-2022 02:30:00;0;60;6,4;294;10,3
30-01-2022 02:00:00;0;62;6,1;290;10,7
30-01-2022 01:30:00;0;67;5,6;281;10,8
30-01-2022 01:00:00;0;61;5,7;277;11,4
30-01-2022 00:30:00;0;52;5,6;279;11,4
30-01-2022 00:00:00;0;55;5,3;289;10,00
29-01-2022 23:30:00;0;65;5,2;294;10,3
29-01-2022 23:00:00;0;64;5,5;280;12,7
29-01-2022 22:30:00;0;63;5,5;278;12,2
29-01-2022 22:00:00;0;56;6,00;281;13,00
29-01-2022 21:30:00;0;63;5,7;281;13,4
29-01-2022 21:00:00;0;67;5,7;278;12,1
29-01-2022 20:30:00;0;65;5,8;273;13,3
29-01-2022 20:00:00;0;65;5,9;274;12,4
29-01-2022 19:30:00;0;65;6,1;272;12,8
29-01-2022 19:00:00;0;67;6,1;272;11,8
29-01-2022 18:30:00;0;68;6,1;275;12,8
29-01-2022 18:00:00;0;64;6,4;271;13,3
29-01-2022 17:30:00;0;68;6,8;270;13,1
29-01-2022 17:00:00;0;73;7,3;269;13,2
29-01-2022 16:30:00;0;83;7,3;247;11,6
29-01-2022 16:00:00;4;80;7,7;244;10,3
29-01-2022 15:30:00;10;75;8,4;248;10,9
29-01-2022 15:00:00;14;76;8,6;243;11,2
29-01-2022 14:30:00;25;83;8,3;239;10,3
29-01-2022 14:00:00;22;83;8,4;237;10,00
29-01-2022 13:30:00;24;85;8,4;233;10,00
29-01-2022 13:00:00;24;83;8,5;236;9,8
29-01-2022 12:30:00;36;84;8,5;241;9,2
29-01-2022 12:00:00;53;84;8,7;239;9,2
29-01-2022 11:30:00;73;85;8,7;236;9,5
29-01-2022 11:00:00;50;86;8,5;239;7,6
29-01-2022 10:30:00;52;87;8,3;237;7,7
29-01-2022 10:00:00;46;89;8,1;232;7,5
29-01-2022 09:30:00;36;90;7,9;237;6,7
29-01-2022 09:00:00;15;91;7,7;235;7,2
29-01-2022 08:30:00;3;92;7,6;236;6,6
29-01-2022 08:00:00;0;93;7,5;236;6,2
29-01-2022 07:30:00;0;93;7,5;233;6,2
29-01-2022 07:00:00;0;92;7,4;236;6,00
29-01-2022 06:30:00;0;92;7,3;237;5,7
29-01-2022 06:00:00;0;92;7,2;236;5,9
29-01-2022 05:30:00;0;91;7,1;232;5,9
29-01-2022 05:00:00;0;91;7,1;229;6,4
29-01-2022 04:30:00;0;90;6,9;227;6,3
29-01-2022 04:00:00;0;90;6,8;222;6,7
29-01-2022 03:30:00;0;90;6,5;223;6,4
29-01-2022 03:00:00;0;90;6,1;216;6,9
29-01-2022 02:30:00;0;90;5,6;209;6,4
29-01-2022 02:00:00;0;89;5,4;205;6,5
29-01-2022 01:30:00;0;88;5,2;203;5,8
29-01-2022 01:00:00;0;87;5,00;204;5,5
29-01-2022 00:30:00;0;86;4,9;206;5,9
29-01-2022 00:00:00;0;86;4,7;202;6,00
28-01-2022 23:30:00;0;85;4,4;200;5,6
28-01-2022 23:00:00;0;83;4,4;201;6,1
28-01-2022 22:30:00;0;80;4,2;194;5,6
28-01-2022 22:00:00;0;78;4,2;196;5,5
28-01-2022 21:30:00;0;78;4,00;198;4,9
28-01-2022 21:00:00;0;77;3,6;198;4,5
28-01-2022 20:30:00;0;76;3,6;199;4,2
28-01-2022 20:00:00;0;74;3,8;212;4,2
28-01-2022 19:30:00;0;72;3,7;219;4,00
28-01-2022 19:00:00;0;71;3,8;223;3,8
28-01-2022 18:30:00;0;69;3,8;226;3,8
28-01-2022 18:00:00;0;69;3,5;225;3,3
28-01-2022 17:30:00;0;67;3,5;231;3,4
28-01-2022 17:00:00;0;65;3,5;229;2,5
28-01-2022 16:30:00;1;62;3,6;233;3,00
28-01-2022 16:00:00;17;59;4,00;246;3,6
28-01-2022 15:30:00;47;58;4,3;244;4,2
28-01-2022 15:00:00;91;54;4,7;239;4,1
28-01-2022 14:30:00;120;54;5,1;240;3,8
28-01-2022 14:00:00;157;52;5,3;248;3,8
28-01-2022 13:30:00;187;53;5,5;252;3,7
28-01-2022 13:00:00;228;52;5,7;247;3,7
28-01-2022 12:30:00;254;48;5,7;259;3,2
28-01-2022 12:00:00;236;49;5,6;284;2,6
28-01-2022 11:30:00;224;53;5,3;274;2,3
28-01-2022 11:00:00;206;55;5,00;288;2,2
28-01-2022 10:30:00;174;57;4,7;296;2,3
28-01-2022 10:00:00;137;60;4,2;285;2,5
28-01-2022 09:30:00;92;61;3,8;276;2,6
28-01-2022 09:00:00;51;61;3,6;294;3,00
28-01-2022 08:30:00;14;60;3,5;288;2,5
28-01-2022 08:00:00;1;60;3,7;284;2,3
28-01-2022 07:30:00;0;60;4,00;297;2,6
28-01-2022 07:00:00;0;60;4,1;300;3,1
28-01-2022 06:30:00;0;60;4,1;306;3,2
28-01-2022 06:00:00;0;53;4,7;320;3,8
28-01-2022 05:30:00;0;58;4,7;320;4,00
28-01-2022 05:00:00;0;59;4,5;315;4,00
28-01-2022 04:30:00;0;59;4,5;313;5,6
28-01-2022 04:00:00;0;57;4,7;316;5,4
28-01-2022 03:30:00;0;57;4,7;312;5,5
28-01-2022 03:00:00;0;57;5,00;310;5,9
28-01-2022 02:30:00;0;57;5,2;307;6,6
28-01-2022 02:00:00;0;58;5,2;301;5,3
28-01-2022 01:30:00;0;60;5,3;301;5,8
28-01-2022 01:00:00;0;59;5,5;298;5,6
28-01-2022 00:30:00;0;59;5,6;301;5,6
28-01-2022 00:00:00;0;62;5,6;302;5,3
27-01-2022 23:30:00;0;62;5,5;300;5,2
27-01-2022 23:00:00;0;63;5,5;298;5,6
27-01-2022 22:30:00;0;63;5,4;297;5,3
27-01-2022 22:00:00;0;64;5,5;296;6,00
27-01-2022 21:30:00;0;60;5,9;298;5,7
27-01-2022 21:00:00;0;62;6,00;297;6,3
27-01-2022 20:30:00;0;64;6,00;295;6,9
27-01-2022 20:00:00;0;65;6,00;292;7,5
27-01-2022 19:30:00;0;67;5,8;292;7,2
27-01-2022 19:00:00;0;69;5,8;284;6,3
27-01-2022 18:30:00;0;75;5,6;293;5,4
27-01-2022 18:00:00;0;78;5,3;313;7,4
27-01-2022 17:30:00;0;80;5,2;299;8,2
27-01-2022 17:00:00;0;80;5,2;284;8,6
27-01-2022 16:30:00;0;72;5,8;275;9,7
27-01-2022 16:00:00;13;69;6,00;270;9,5
27-01-2022 15:30:00;27;69;6,00;263;9,9
27-01-2022 15:00:00;80;67;6,3;261;10,2
27-01-2022 14:30:00;177;64;6,5;264;11,00
27-01-2022 14:00:00;178;65;6,6;260;11,1
27-01-2022 13:30:00;123;64;6,4;260;11,4
27-01-2022 13:00:00;97;65;6,4;264;10,8
27-01-2022 12:30:00;123;64;6,5;263;10,8
27-01-2022 12:00:00;130;64;6,6;265;10,6
27-01-2022 11:30:00;124;65;6,7;264;10,7
27-01-2022 11:00:00;141;64;6,9;266;11,00
27-01-2022 10:30:00;147;66;6,9;261;11,4
27-01-2022 10:00:00;121;67;7,00;263;10,6
27-01-2022 09:30:00;36;70;7,1;261;10,5
27-01-2022 09:00:00;9;75;7,00;256;9,3
27-01-2022 08:30:00;1;76;7,00;246;9,2
27-01-2022 08:00:00;0;71;7,4;243;8,4
27-01-2022 07:30:00;0;72;7,4;246;8,4
27-01-2022 07:00:00;0;81;7,6;239;8,5
27-01-2022 06:30:00;0;85;7,3;240;6,8
27-01-2022 06:00:00;0;88;7,3;242;6,6
27-01-2022 05:30:00;0;90;7,3;238;5,6
27-01-2022 05:00:00;0;91;7,2;241;6,7
27-01-2022 04:30:00;0;91;7,1;243;5,7
27-01-2022 04:00:00;0;91;7,1;240;6,4
27-01-2022 03:30:00;0;91;6,9;242;7,3
27-01-2022 03:00:00;0;91;6,7;237;6,1
27-01-2022 02:30:00;0;90;6,7;237;6,7
27-01-2022 02:00:00;0;90;6,5;232;7,2
27-01-2022 01:30:00;0;90;6,3;227;6,9
27-01-2022 01:00:00;0;89;6,3;227;6,7
27-01-2022 00:30:00;0;88;6,2;225;6,8
27-01-2022 00:00:00;0;88;6,1;230;6,7
26-01-2022 23:30:00;0;87;5,8;225;5,6
26-01-2022 23:00:00;0;79;6,2;230;6,3
26-01-2022 22:30:00;0;79;6,1;234;5,1
26-01-2022 22:00:00;0;81;6,00;235;5,5
26-01-2022 21:30:00;0;84;5,8;229;5,6
26-01-2022 21:00:00;0;85;5,5;224;5,5
26-01-2022 20:30:00;0;85;5,6;225;4,7
26-01-2022 20:00:00;0;85;5,8;232;5,1
26-01-2022 19:30:00;0;84;6,00;234;4,1
26-01-2022 19:00:00;0;83;6,00;250;4,5
26-01-2022 18:30:00;0;84;6,1;259;4,9
26-01-2022 18:00:00;0;83;6,2;254;5,6
26-01-2022 17:30:00;0;81;6,1;257;6,5
26-01-2022 17:00:00;0;80;6,3;267;7,3
26-01-2022 16:30:00;1;78;6,2;256;4,7
26-01-2022 16:00:00;7;79;6,3;259;6,4
26-01-2022 15:30:00;12;79;6,4;258;6,1
26-01-2022 15:00:00;20;79;6,3;254;7,1
26-01-2022 14:30:00;37;79;6,2;256;6,00
26-01-2022 14:00:00;30;80;6,1;257;5,5
26-01-2022 13:30:00;53;82;5,8;252;4,4
26-01-2022 13:00:00;89;83;5,9;249;5,4
26-01-2022 12:30:00;144;82;5,9;249;5,2
26-01-2022 12:00:00;126;82;5,6;254;5,4
25-01-2022 11:30:00;194;78;6,1;276;4,1
25-01-2022 11:00:00;177;80;5,6;262;3,1
25-01-2022 10:30:00;152;83;4,7;254;3,5
25-01-2022 10:00:00;110;86;4,2;241;2,5
25-01-2022 09:30:00;69;87;3,9;233;2,2
25-01-2022 09:00:00;26;86;3,9;240;2,6
25-01-2022 08:30:00;10;86;3,9;261;2,9
25-01-2022 08:00:00;0;85;4,2;279;2,5
25-01-2022 07:30:00;0;85;4,4;271;3,2
25-01-2022 07:00:00;0;84;4,4;271;4,3
25-01-2022 06:30:00;0;84;4,5;277;4,1
25-01-2022 06:00:00;0;85;4,8;267;4,8
25-01-2022 05:30:00;0;85;4,8;263;5,00
25-01-2022 05:00:00;0;85;5,00;262;5,6
25-01-2022 04:30:00;0;84;5,1;259;5,2
25-01-2022 04:00:00;0;83;5,2;260;4,9
25-01-2022 03:30:00;0;81;5,4;268;5,00
25-01-2022 03:00:00;0;78;5,8;272;4,9
25-01-2022 02:30:00;0;79;6,1;271;5,5
25-01-2022 02:00:00;0;84;6,5;268;5,6
25-01-2022 01:30:00;0;85;6,7;263;5,8
25-01-2022 01:00:00;0;86;6,7;260;5,6
25-01-2022 00:30:00;0;88;6,5;255;5,5
25-01-2022 00:00:00;0;88;6,5;256;5,1
24-01-2022 23:30:00;0;87;6,6;254;5,00
24-01-2022 23:00:00;0;87;6,5;248;5,1
24-01-2022 22:30:00;0;86;6,5;243;5,00
24-01-2022 22:00:00;0;85;6,6;243;5,6
24-01-2022 21:30:00;0;84;6,5;242;5,00
24-01-2022 21:00:00;0;84;6,5;240;4,6
24-01-2022 20:30:00;0;84;6,4;237;3,9
24-01-2022 20:00:00;0;84;6,3;239;4,5
24-01-2022 19:30:00;0;84;6,3;243;4,9
24-01-2022 19:00:00;0;84;6,2;245;4,9
24-01-2022 18:30:00;0;83;6,2;249;5,00
24-01-2022 18:00:00;0;83;6,1;248;5,2
24-01-2022 17:30:00;0;82;6,2;245;5,8
24-01-2022 17:00:00;0;82;6,2;247;5,3
24-01-2022 16:30:00;1;81;6,2;247;5,4
24-01-2022 16:00:00;8;80;6,2;246;5,3
24-01-2022 15:30:00;45;81;6,1;239;4,9
24-01-2022 15:00:00;62;82;6,00;240;4,5
24-01-2022 14:30:00;52;84;5,8;238;4,2
24-01-2022 14:00:00;80;87;5,6;241;4,1
24-01-2022 13:30:00;42;89;5,3;245;4,4
24-01-2022 13:00:00;30;88;5,2;244;4,8
24-01-2022 12:30:00;24;86;5,3;241;4,9
24-01-2022 12:00:00;23;85;5,3;240;4,8
24-01-2022 11:30:00;19;82;5,6;236;5,1
24-01-2022 11:00:00;21;80;5,6;235;5,1
24-01-2022 10:30:00;19;80;5,6;232;5,00
24-01-2022 10:00:00;16;82;5,3;232;4,7
24-01-2022 09:30:00;9;85;5,2;231;4,5
24-01-2022 09:00:00;4;84;5,2;242;4,6
24-01-2022 08:30:00;0;82;5,4;238;4,5
24-01-2022 08:00:00;0;81;5,3;239;4,7
24-01-2022 07:30:00;0;82;5,3;235;4,6
24-01-2022 07:00:00;0;78;5,5;240;5,2
24-01-2022 06:30:00;0;82;5,4;239;5,2
24-01-2022 06:00:00;0;83;5,3;241;4,6
24-01-2022 05:30:00;0;86;5,2;233;4,5
24-01-2022 05:00:00;0;87;5,1;239;4,4
24-01-2022 04:30:00;0;85;5,2;243;4,6
24-01-2022 04:00:00;0;85;5,1;236;5,1
24-01-2022 03:30:00;0;89;4,9;234;5,2
24-01-2022 03:00:00;0;90;4,9;243;5,5
24-01-2022 02:30:00;0;90;5,1;245;5,3
24-01-2022 02:00:00;0;90;5,3;243;5,3
24-01-2022 01:30:00;0;88;5,6;245;5,00
24-01-2022 01:00:00;0;85;5,9;242;4,9
24-01-2022 00:30:00;0;84;6,1;243;5,7
24-01-2022 00:00:00;0;83;6,3;239;4,6
